bedrooms,bathrooms,sqft_living,sqft_lot,floors,waterfront,view,condition,sqft_above,sqft_basement,yr_built,yr_renovated,city,statezip,year,month,Actual_Price,Predicted_Price
4.0,3.0,3100,15480,2.0,0,0,3,2400,700,1996,0,Kenmore,WA 98028,2014,5,563000.0,656337.1124138001
2.0,1.75,2080,4800,1.0,0,0,5,1080,1000,1923,0,Seattle,WA 98117,2014,5,740000.0,544140.33888889
4.0,1.5,1800,3245,1.5,0,0,4,1800,0,1929,0,Seattle,WA 98103,2014,6,875000.0,607635.58
2.0,1.0,710,1173,2.0,0,0,4,710,0,1943,0,Seattle,WA 98102,2014,5,402000.0,387178.4
3.0,1.75,1540,10800,1.0,0,0,5,770,770,1947,0,Mercer Island,WA 98040,2014,6,500000.0,654619.5
3.0,1.75,1390,10905,1.0,0,0,3,860,530,1957,2000,Seattle,WA 98106,2014,5,270000.0,295371.9275
5.0,1.75,1650,3000,1.5,0,0,3,1650,0,1902,0,Seattle,WA 98144,2014,7,443000.0,536526.1
4.0,2.0,1350,942,3.0,0,0,3,1350,0,2008,0,Issaquah,WA 98029,2014,6,288790.0,357345.23
3.0,2.25,1450,19206,2.0,0,0,3,1450,0,1989,0,Sammamish,WA 98074,2014,7,410000.0,454747.7
3.0,2.25,2130,8721,1.0,0,0,3,1570,560,1987,2000,Kent,WA 98031,2014,6,316000.0,286900.96589285
3.0,2.5,2090,7640,1.0,0,0,3,1360,730,1962,2014,Shoreline,WA 98133,2014,5,543000.0,407044.2
4.0,2.0,2520,6000,1.0,0,0,3,1400,1120,1921,2007,Seattle,WA 98103,2014,5,875000.0,682135.46285713
2.0,1.0,800,6500,1.0,0,0,4,800,0,1953,1983,Shoreline,WA 98133,2014,7,295000.0,268992.9
3.0,1.75,1660,6250,1.0,0,0,3,830,830,1980,0,Seattle,WA 98116,2014,7,410000.0,428171.76000000996
3.0,2.5,2600,5540,2.0,0,0,3,2600,0,2004,2003,Maple Valley,WA 98038,2014,6,355500.0,417155.99
4.0,1.75,1440,13296,1.0,0,0,4,1440,0,1967,0,Bellevue,WA 98004,2014,7,1038000.0,828704.63333333
3.0,1.0,1430,19901,1.5,0,0,4,1430,0,1927,0,Kenmore,WA 98028,2014,5,310000.0,283952.875
3.0,2.5,1450,5008,1.0,0,0,3,840,610,2007,0,Seattle,WA 98106,2014,5,330000.0,327378.11666667
2.0,1.0,1500,4120,1.5,0,0,3,880,620,1928,1954,Renton,WA 98057,2014,5,156766.666667,228874.60555556
3.0,1.75,2240,10578,2.0,0,0,5,1550,690,1923,0,Seattle,WA 98115,2014,5,750000.0,627140.63
4.0,2.75,2140,10316,2.0,0,0,3,2140,0,1993,0,Auburn,WA 98001,2014,6,359500.0,339472.3432143
3.0,2.5,1040,2643,2.0,0,0,3,720,320,2004,2003,Seattle,WA 98118,2014,5,210000.0,322196.93007327995
4.0,2.5,1820,20011,2.0,0,0,3,1820,0,1987,2000,Sammamish,WA 98075,2014,7,673476.818182,549581.06
3.0,1.0,1040,8892,1.0,0,0,4,800,240,1958,1972,Federal Way,WA 98023,2014,7,182805.0,180480.2
4.0,2.75,3010,15992,2.0,0,0,3,3010,0,1996,0,Sammamish,WA 98075,2014,6,775000.0,721039.0974190199
3.0,1.5,1420,4500,1.0,0,0,3,1420,0,1959,1989,Seattle,WA 98103,2014,6,371000.0,438277.38460319
3.0,1.75,1490,8366,1.0,0,0,4,1010,480,1975,0,Covington,WA 98042,2014,5,234000.0,232081.32833333
2.0,1.0,1030,4400,1.0,0,0,3,1030,0,1924,2011,Seattle,WA 98117,2014,5,469000.0,522258.01851852
2.0,2.25,1230,929,2.0,0,0,3,1020,210,2004,2003,Seattle,WA 98112,2014,5,460000.0,474757.2
2.0,1.0,750,5120,1.0,0,0,4,750,0,1941,1998,Seattle,WA 98126,2014,6,300000.0,276131.40451506997
5.0,2.5,3260,24300,1.5,0,1,4,2310,950,1950,1983,Lake Forest Park,WA 98155,2014,6,755000.0,502175.68923077005
4.0,2.5,2210,8465,1.0,0,0,3,1490,720,1990,2009,Auburn,WA 98092,2014,6,294000.0,274095.50535714
3.0,2.0,1400,7384,1.0,0,0,3,1150,250,1979,2014,Renton,WA 98058,2014,5,225000.0,246201.64666666
5.0,3.5,3880,13885,2.0,0,3,4,2540,1340,1979,0,Bellevue,WA 98006,2014,6,1126000.0,900915.83333333
4.0,2.75,2240,27820,1.5,0,0,4,2240,0,1976,1992,Sammamish,WA 98075,2014,6,580379.0,617540.30666666
3.0,3.25,2170,12508,1.5,0,0,5,1650,520,1928,1970,Mercer Island,WA 98040,2014,5,876650.0,738142.91
3.0,2.0,1370,78408,1.0,0,0,5,1370,0,1964,0,Covington,WA 98042,2014,5,83300.0,278949.76541666
4.0,2.5,2490,12929,2.0,0,0,3,2490,0,1983,2009,Sammamish,WA 98074,2014,6,616000.0,606481.42886364
5.0,2.5,2210,9655,1.0,0,0,3,1460,750,1976,0,Bothell,WA 98011,2014,5,470000.0,384644.03857141006
4.0,3.5,3810,9792,2.0,0,0,3,3810,0,1938,2013,Seattle,WA 98146,2014,6,825000.0,744510.92111111
3.0,1.75,1290,3870,1.0,0,0,5,1290,0,1916,0,Seattle,WA 98144,2014,6,647500.0,441406.625
4.0,2.25,1820,8255,1.5,0,0,4,1320,500,1930,0,Seattle,WA 98133,2014,6,399888.0,600929.1
4.0,2.0,1480,3132,1.0,0,0,5,740,740,1910,0,Seattle,WA 98108,2014,5,335000.0,481268.16846154
3.0,1.0,1150,4945,1.0,0,2,3,1150,0,1943,2002,Seattle,WA 98126,2014,5,480000.0,344174.4196429
2.0,1.0,820,10450,1.0,0,0,4,820,0,1965,0,Renton,WA 98055,2014,6,173000.0,225098.0
2.0,1.0,880,7683,1.0,0,0,3,880,0,1942,1999,Seattle,WA 98177,2014,5,326100.0,255681.06000000998
3.0,2.0,1470,10052,1.0,0,0,4,1470,0,1956,0,Seattle,WA 98125,2014,7,480000.0,425776.91666667
2.0,1.0,970,3400,1.0,0,0,3,970,0,1924,2011,Seattle,WA 98109,2014,6,546000.0,439278.01851852
3.0,2.5,2060,5750,1.0,0,0,3,1330,730,1976,0,Seattle,WA 98116,2014,6,577000.0,483743.13
5.0,4.5,4030,13474,2.0,0,0,3,4030,0,2000,0,Sammamish,WA 98075,2014,7,989000.0,820548.45
2.0,1.0,1060,8187,1.0,0,0,4,1060,0,1952,0,Shoreline,WA 98133,2014,5,254000.0,285288.735
3.0,2.0,1760,6428,1.0,0,0,4,980,780,1942,1982,Seattle,WA 98199,2014,5,690000.0,582498.2
2.0,1.0,760,5500,1.5,0,0,3,760,0,1947,2012,Seattle,WA 98168,2014,6,163785.714286,331369.05705129
2.0,2.0,1240,2500,2.0,0,0,3,1240,0,1985,0,Seattle,WA 98117,2014,7,445000.0,464323.3968254
5.0,2.75,2740,5616,1.5,0,0,5,1670,1070,1925,0,Seattle,WA 98115,2014,6,0.0,696940.0
3.0,2.5,1540,1326,3.0,0,0,3,1390,150,1995,0,Seattle,WA 98119,2014,7,499000.0,522800.53111111
3.0,2.25,1530,1245,2.0,0,0,3,1050,480,2014,0,Seattle,WA 98122,2014,6,465000.0,538537.3717948899
4.0,2.5,3330,7399,2.0,0,0,3,3330,0,2009,0,Redmond,WA 98052,2014,5,760000.0,785340.4575
5.0,1.75,2550,71874,1.0,0,0,5,1810,740,1960,0,Issaquah,WA 98027,2014,5,525888.0,494170.72047619
3.0,2.25,2120,15003,2.0,0,0,3,2120,0,1984,0,Renton,WA 98059,2014,5,345000.0,384890.13083333
4.0,2.5,3350,35298,2.0,0,0,4,3350,0,1985,0,Redmond,WA 98053,2014,7,720500.0,767741.75
1.0,0.75,1170,14149,1.0,0,0,5,880,290,1962,0,Enumclaw,WA 98022,2014,5,275000.0,261494.76564102003
2.0,1.0,710,7200,1.0,0,0,3,710,0,1943,2002,Seattle,WA 98178,2014,6,215000.0,246431.76955128997
3.0,1.75,2060,12558,1.0,0,0,4,1350,710,1984,0,Redmond,WA 98052,2014,5,625000.0,524998.0527950301
2.0,2.5,1380,953,3.0,0,0,3,1380,0,2006,0,Seattle,WA 98103,2014,6,549000.0,509301.22222222
4.0,2.25,2350,8140,1.0,0,0,4,1430,920,1977,0,Bellevue,WA 98006,2014,5,555000.0,667593.39
3.0,1.0,900,7500,1.0,0,0,4,900,0,1972,0,Kirkland,WA 98034,2014,5,304000.0,317573.3
5.0,2.0,2310,13430,1.5,0,0,4,2310,0,1966,0,Bellevue,WA 98004,2014,7,850000.0,909332.76
3.0,1.75,3320,478288,1.5,0,3,4,2260,1060,1933,1982,Enumclaw,WA 98022,2014,6,667000.0,662632.6
5.0,3.0,4530,258746,1.5,0,0,4,3200,1330,2003,0,Woodinville,WA 98077,2014,5,950000.0,802690.56333333
4.0,2.25,2050,9583,2.0,0,2,3,1770,280,1965,1993,Des Moines,WA 98198,2014,6,386000.0,405813.57428572
5.0,3.0,3040,9601,1.0,0,0,5,1970,1070,1968,0,Mercer Island,WA 98040,2014,5,830000.0,730783.0
5.0,3.5,3840,8279,2.0,0,0,3,3840,0,2001,0,Sammamish,WA 98074,2014,7,875000.0,829363.50111111
3.0,1.75,1320,2500,1.0,0,0,3,870,450,1918,0,Seattle,WA 98105,2014,7,530000.0,450203.56944444
3.0,2.0,1480,5000,1.0,0,0,4,750,730,1928,0,Seattle,WA 98117,2014,5,595000.0,515709.17846154
2.0,2.0,2280,6815,1.0,0,0,3,2280,0,2002,0,Redmond,WA 98053,2014,6,835000.0,690595.33333333
3.0,3.25,1470,1235,2.0,0,0,3,1180,290,2008,0,Seattle,WA 98108,2014,6,300000.0,399011.38
4.0,3.5,3900,8391,2.0,0,0,3,3900,0,2006,0,Kirkland,WA 98033,2014,5,1040000.0,937586.0
2.0,1.0,1120,9912,1.0,0,0,4,1120,0,1980,0,Vashon,WA 98070,2014,5,256500.0,264864.80333333
3.0,1.0,1080,6000,1.0,0,0,4,1080,0,1952,0,Shoreline,WA 98133,2014,6,275000.0,283104.62555557
3.0,2.0,1340,1384,3.0,0,0,3,1340,0,2008,0,Seattle,WA 98103,2014,5,376000.0,403586.05555554
4.0,3.5,3200,3250,2.0,0,0,3,2670,530,2007,0,Issaquah,WA 98029,2014,6,795000.0,784673.6492307701
2.0,1.25,860,1277,2.0,0,0,3,860,0,2007,0,Seattle,WA 98144,2014,5,321950.0,331733.95782609
3.0,2.0,1650,6150,2.0,0,0,4,1650,0,1926,1993,Seattle,WA 98116,2014,5,590000.0,629457.5
2.0,1.0,1020,7920,1.0,0,0,3,1020,0,1939,1969,Seattle,WA 98108,2014,7,235000.0,282597.75
2.0,1.0,710,1136,2.0,0,0,4,710,0,1943,0,Seattle,WA 98102,2014,6,403950.0,387827.9
3.0,1.75,2050,16313,1.0,0,0,2,2050,0,1973,0,Mercer Island,WA 98040,2014,7,623000.0,747479.0
2.0,0.75,850,7710,1.0,0,2,5,550,300,1909,1988,Seattle,WA 98108,2014,5,360000.0,306035.3725
2.0,1.0,800,5000,1.0,0,0,3,800,0,1906,2014,Seattle,WA 98107,2014,6,435000.0,356480.53774930997
4.0,2.75,3110,49765,1.0,0,0,4,3110,0,1958,1972,Black Diamond,WA 98010,2014,6,531500.0,726142.95
3.0,1.5,1530,7200,1.0,0,0,3,1530,0,1975,0,Lake Forest Park,WA 98155,2014,6,375500.0,354590.2
4.0,3.75,4130,12320,2.0,0,0,3,4130,0,2001,0,Newcastle,WA 98059,2014,6,1070000.0,866001.65
4.0,1.75,1870,5200,2.0,0,0,4,1200,670,1937,0,Seattle,WA 98115,2014,6,594000.0,504716.72
3.0,2.5,1413,3600,2.0,0,0,3,1413,0,2011,0,Kent,WA 98031,2014,6,286800.0,276122.79779761
3.0,2.5,2460,108900,1.0,0,0,4,1860,600,1977,0,Issaquah,WA 98027,2014,5,600000.0,512643.07333333
5.0,2.5,2690,5557,2.0,0,0,3,2690,0,2012,1912,Seattle,WA 98178,2014,6,279000.0,559795.59
4.0,3.0,3600,9200,1.0,0,4,4,2100,1500,1976,1992,Bellevue,WA 98008,2014,5,1075000.0,718910.5
4.0,2.75,3610,8580,2.0,0,0,3,3610,0,2014,0,Kirkland,WA 98033,2014,6,982000.0,982928.18
3.0,2.5,2400,9701,1.0,0,0,3,2400,0,1990,2009,Federal Way,WA 98023,2014,5,355000.0,357278.92
4.0,2.25,2070,39446,1.0,0,0,3,1470,600,1977,2004,Lake Forest Park,WA 98155,2014,6,445800.0,471093.0
3.0,2.0,1450,2400,1.5,0,0,3,1450,0,1900,2003,Seattle,WA 98107,2014,5,490000.0,501126.04
2.0,1.0,660,5000,1.0,0,0,3,660,0,1915,0,Seattle,WA 98106,2014,6,175000.0,237921.35
2.0,1.75,2860,59612,1.0,1,4,3,1510,1350,1948,2003,Federal Way,WA 98023,2014,5,503000.0,583623.6
3.0,1.75,2030,17100,1.0,0,0,4,2030,0,1953,1983,Burien,WA 98166,2014,6,440000.0,395595.01928572
6.0,5.0,3440,4500,2.0,0,0,3,3280,160,2007,0,Renton,WA 98057,2014,6,495000.0,664059.12835165
3.0,1.5,1630,7475,1.0,0,1,3,1160,470,1940,1996,Seattle,WA 98115,2014,5,650000.0,485094.66666667
3.0,2.5,1730,3600,2.0,0,0,3,1730,0,2014,0,Seattle,WA 98146,2014,6,328423.0,429610.905
3.0,1.75,2340,4206,1.0,0,0,5,1170,1170,1917,0,Seattle,WA 98144,2014,6,640000.0,628734.30857142
2.0,1.0,790,5240,1.0,0,0,4,790,0,1925,1968,Seattle,WA 98118,2014,5,299800.0,314292.96705687995
3.0,1.75,1960,8136,1.0,0,0,3,980,980,1948,1994,Seattle,WA 98106,2014,5,340000.0,402276.09615384997
3.0,2.0,1760,6875,1.0,0,0,4,1760,0,1967,0,Woodinville,WA 98072,2014,7,400000.0,386090.0
2.0,1.0,1680,6500,1.0,0,0,4,1140,540,1941,1998,Seattle,WA 98136,2014,5,515000.0,399921.11666667
2.0,2.25,1330,10838,2.0,0,0,3,1330,0,1985,0,Kenmore,WA 98028,2014,6,355000.0,341551.2375
3.0,2.25,2270,8876,1.0,0,0,3,1380,890,1977,2004,Renton,WA 98058,2014,5,332000.0,371722.74999999
4.0,2.0,3140,10437,1.0,0,0,4,2040,1100,1959,0,Mercer Island,WA 98040,2014,6,925000.0,826018.70666666
2.0,2.5,1360,1349,2.0,0,0,3,1050,310,1997,0,Seattle,WA 98112,2014,5,553650.0,500401.0
4.0,2.5,1850,50662,1.0,0,0,3,1430,420,1978,0,Redmond,WA 98052,2014,5,830000.0,553110.84285716
3.0,1.75,1160,22470,1.0,0,0,4,1160,0,1976,1992,Kenmore,WA 98028,2014,6,329333.333333,302145.50230769
6.0,3.0,3110,5000,1.5,0,0,5,1810,1300,1921,0,Seattle,WA 98103,2014,6,725000.0,675072.63
4.0,2.5,1910,5000,2.0,0,0,3,1910,0,2005,0,Maple Valley,WA 98038,2014,6,297500.0,309631.4375
3.0,2.5,2860,4442,2.0,0,0,3,2860,0,2000,0,Seattle,WA 98199,2014,6,799000.0,758064.7499999701
4.0,2.5,2710,5880,2.0,0,0,3,2710,0,1998,2006,Auburn,WA 98092,2014,5,370000.0,359506.30307692
3.0,2.5,2600,10092,1.0,0,0,3,2600,0,1984,0,Sammamish,WA 98074,2014,5,625000.0,621399.21416666
3.0,1.75,1400,6300,1.0,0,0,3,1400,0,1998,2006,Enumclaw,WA 98022,2014,6,235000.0,247310.31666666002
2.0,1.25,1240,2150,2.0,0,0,3,1240,0,2014,0,Seattle,WA 98117,2014,6,545000.0,490615.9668254
4.0,1.75,1900,8250,1.0,0,0,4,950,950,1955,2009,Bellevue,WA 98006,2014,5,542000.0,422177.33333341
3.0,2.25,1860,11227,2.0,0,0,3,1860,0,1995,0,Maple Valley,WA 98038,2014,6,330000.0,346241.26444444
2.0,1.0,900,9260,1.0,0,0,3,900,0,1946,0,Seattle,WA 98107,2014,7,496000.0,263687.75
0.0,0.0,3064,4764,3.5,0,2,3,3064,0,1990,2009,Seattle,WA 98102,2014,6,1095000.0,795411.27733333
2.0,1.0,910,4635,1.0,0,0,4,910,0,1905,0,Seattle,WA 98107,2014,6,425000.0,383676.07560387
3.0,2.5,1900,8744,2.0,0,0,3,1900,0,1987,2000,Sammamish,WA 98074,2014,5,560000.0,536125.9
4.0,2.0,2530,5650,1.5,0,0,4,1910,620,1910,0,Seattle,WA 98116,2014,7,631500.0,748375.54
3.0,1.75,1640,10762,1.0,0,0,3,1130,510,1988,2000,Covington,WA 98042,2014,5,226500.0,283946.59333333
3.0,2.5,2080,4828,2.0,0,0,3,2080,0,2002,0,Covington,WA 98042,2014,6,290000.0,300464.98125
4.0,2.5,3240,13978,1.0,0,0,3,1860,1380,1977,2004,Sammamish,WA 98074,2014,5,635700.0,764905.00861111
3.0,2.5,1769,7324,2.0,0,0,3,1769,0,2012,1912,Auburn,WA 98092,2014,6,334888.0,279131.4066666666
5.0,2.5,3200,6455,2.0,0,0,3,3200,0,2009,0,Snoqualmie,WA 98065,2014,5,675000.0,611091.95
2.0,2.25,1280,835,2.0,0,0,3,1080,200,2009,0,Seattle,WA 98118,2014,5,370000.0,383492.62000001996
3.0,2.0,1830,9152,1.0,0,0,5,1830,0,1959,0,Bellevue,WA 98006,2014,5,550000.0,590642.33333334
4.0,2.5,2610,4595,2.0,0,0,3,2610,0,2008,0,Kenmore,WA 98028,2014,6,535000.0,517190.85666667
3.0,2.0,1110,7231,1.0,0,0,4,1110,0,1991,0,Kent,WA 98031,2014,7,223000.0,240124.70333328002
3.0,1.5,1390,48257,1.0,0,0,3,1390,0,1922,2013,Fall City,WA 98024,2014,5,275000.0,257733.41666666002
4.0,1.0,1350,11507,1.0,0,0,3,1350,0,1966,1963,Renton,WA 98055,2014,5,200000.0,238133.81
4.0,3.75,4740,126759,2.0,0,0,4,4740,0,1991,0,Issaquah,WA 98027,2014,7,1049000.0,994049.99
3.0,1.0,1230,10350,1.0,0,0,4,1230,0,1957,2001,Renton,WA 98055,2014,5,250000.0,249308.58076920998
4.0,2.75,2020,10720,1.0,0,0,4,1420,600,1976,1992,Redmond,WA 98052,2014,6,555000.0,526790.0
3.0,1.0,1220,13000,1.0,0,0,4,1220,0,1955,2009,Shoreline,WA 98133,2014,5,300000.0,303304.8
2.0,1.0,1240,27042,1.0,0,1,3,1000,240,1943,2002,Vashon,WA 98070,2014,6,355000.0,202436.28119658
3.0,1.75,1330,9200,1.0,0,0,4,1330,0,1973,0,Auburn,WA 98092,2014,6,183000.0,222462.4975
3.0,2.5,2370,5353,2.0,0,0,3,2370,0,2009,0,Duvall,WA 98019,2014,6,429900.0,440419.26
2.0,2.0,1470,3128,2.0,0,0,3,1470,0,2005,0,Maple Valley,WA 98038,2014,5,241000.0,280201.61666666664
3.0,2.5,1940,3211,2.0,0,0,3,1940,0,2009,0,Issaquah,WA 98027,2014,5,555000.0,516321.56
3.0,2.5,2030,8398,2.0,0,0,4,2030,0,1975,0,Bellevue,WA 98008,2014,5,700000.0,546171.33333333
4.0,2.25,1820,20349,1.0,0,0,5,1340,480,1977,0,Woodinville,WA 98072,2014,5,465000.0,400038.13833333
4.0,2.5,2400,6137,2.0,0,0,3,2400,0,1990,2009,Sammamish,WA 98074,2014,7,575000.0,592807.71333333
5.0,2.0,2700,10875,1.0,0,0,4,1540,1160,1962,0,Bellevue,WA 98007,2014,6,580000.0,761109.75
3.0,1.0,1050,8498,1.0,0,0,4,1050,0,1959,0,Kent,WA 98031,2014,6,249000.0,204118.93333333
4.0,2.75,2600,2750,1.5,0,0,3,1620,980,1936,0,Seattle,WA 98109,2014,5,840000.0,795523.0
5.0,5.0,5774,31675,1.0,0,2,3,4490,1284,1984,0,Federal Way,WA 98003,2014,5,740000.0,794886.56
5.0,3.25,4500,9648,2.0,0,4,4,3000,1500,1968,0,Seattle,WA 98125,2014,6,860000.0,624922.58
4.0,2.75,2920,6605,2.0,0,0,3,2920,0,2012,1912,Renton,WA 98059,2014,5,625000.0,523446.30166669
4.0,2.5,3060,7140,2.0,0,0,3,3060,0,2006,0,Issaquah,WA 98029,2014,6,826000.0,709268.2725
4.0,2.75,2910,6334,2.0,0,0,3,2910,0,2013,1923,North Bend,WA 98045,2014,7,499990.0,523271.21166667
4.0,2.5,3760,29224,2.0,0,0,3,3760,0,1987,2000,Redmond,WA 98052,2014,6,1010000.0,845381.16
4.0,2.5,1630,4473,2.0,0,0,3,1630,0,2003,0,Maple Valley,WA 98038,2014,5,312900.0,274078.32
4.0,1.0,1450,8960,1.0,0,0,3,1450,0,1943,2002,Seattle,WA 98146,2014,5,244000.0,378840.08888889
2.0,0.75,1392,43710,1.5,0,0,4,1392,0,1978,2000,Vashon,WA 98070,2014,6,350000.0,289390.425
3.0,1.75,2920,9370,1.0,0,0,4,1620,1300,1981,0,Bellevue,WA 98006,2014,6,650000.0,644571.8125
3.0,2.0,2590,108900,2.0,0,0,3,1980,610,1988,2000,Maple Valley,WA 98038,2014,5,503000.0,505260.0
4.0,1.75,1950,13320,1.0,0,0,4,1370,580,1969,0,Bellevue,WA 98007,2014,5,635000.0,592794.91666665
4.0,2.5,3180,21904,2.0,0,3,3,3180,0,2000,0,Renton,WA 98059,2014,5,736500.0,585507.4454376701
4.0,2.5,1810,6509,2.0,0,0,3,1810,0,1994,0,Kent,WA 98042,2014,5,270000.0,273433.89875
4.0,2.5,2450,4247,2.0,0,0,3,2450,0,2013,1923,Redmond,WA 98052,2014,5,712198.0,706022.8299999901
2.0,1.0,1270,5000,1.0,0,0,3,1090,180,1949,1998,Seattle,WA 98117,2014,6,615000.0,473806.23214286997
4.0,1.5,1310,8250,1.0,0,0,3,1060,250,1953,0,Des Moines,WA 98148,2014,5,251200.0,215079.3
4.0,1.0,1810,7500,1.0,0,0,2,1410,400,1959,0,Seattle,WA 98168,2014,6,0.0,358319.42
4.0,2.5,3310,5404,2.0,0,0,3,3310,0,2004,2003,Redmond,WA 98052,2014,5,803100.0,774630.43
4.0,2.0,2600,4800,1.0,0,2,3,1400,1200,1953,0,Seattle,WA 98119,2014,7,780000.0,697667.7342856801
4.0,2.25,2870,6280,1.5,0,0,4,1980,890,1905,0,Seattle,WA 98112,2014,6,994500.0,834519.15428571
2.0,1.0,1500,4000,1.0,0,0,3,1100,400,1933,0,Seattle,WA 98109,2014,7,736000.0,521667.46888889
3.0,2.5,1680,6755,2.0,0,0,3,1680,0,1994,0,Auburn,WA 98092,2014,5,225000.0,264591.88857142
4.0,1.75,1700,5846,1.0,0,0,3,1700,0,1957,2000,Seattle,WA 98199,2014,7,616000.0,572298.67
3.0,1.0,1210,9525,1.0,0,0,3,1210,0,1955,2005,Seattle,WA 98106,2014,5,299950.0,271441.2575
4.0,2.5,2340,6420,1.0,0,2,3,1590,750,1964,2000,Shoreline,WA 98177,2014,5,668750.0,484596.28333333
2.0,2.75,1350,1252,2.0,0,0,3,1120,230,2006,0,Seattle,WA 98136,2014,7,405500.0,448679.62
5.0,4.0,3760,28040,2.0,0,0,3,3760,0,1983,2009,Kirkland,WA 98033,2014,6,1025000.0,753506.66
4.0,2.5,2360,5226,2.0,0,0,3,2360,0,2001,0,Kirkland,WA 98034,2014,5,600000.0,569747.5
4.0,3.0,3740,30884,2.0,0,0,3,3060,680,1988,2000,Woodinville,WA 98072,2014,6,869000.0,777145.95833333
3.0,2.25,1620,4500,2.0,0,0,4,1620,0,1926,1993,Seattle,WA 98119,2014,6,800000.0,754831.5
4.0,2.5,2800,5900,1.0,0,0,3,1660,1140,1963,2008,Seattle,WA 98115,2014,5,744312.5,670501.9876190401
3.0,1.75,1370,8719,1.0,0,0,3,1370,0,1982,0,Covington,WA 98042,2014,6,247200.0,244026.38
3.0,2.25,1450,1445,2.0,0,0,3,980,470,2005,0,Seattle,WA 98122,2014,5,482500.0,457879.28825398
4.0,3.5,5270,53428,2.0,0,0,3,3440,1830,2004,2003,Renton,WA 98058,2014,7,782000.0,611685.21
2.0,1.0,790,2640,1.0,0,0,3,790,0,1973,2013,Kirkland,WA 98034,2014,5,90000.0,276158.74333333
3.0,2.0,1780,5720,1.0,0,0,5,980,800,1925,0,Seattle,WA 98103,2014,7,680000.0,578702.41333333
3.0,2.0,1640,9972,1.0,0,0,4,1640,0,1977,0,Sammamish,WA 98075,2014,5,540833.333333,502902.74444444
3.0,2.0,2000,7000,2.0,0,0,3,2000,0,1916,1986,Seattle,WA 98136,2014,5,561000.0,699678.25
4.0,2.5,1830,7345,1.0,0,0,4,1540,290,1973,0,Shoreline,WA 98177,2014,6,494000.0,405353.4
4.0,3.0,1830,9548,2.0,0,0,3,1830,0,1991,0,Bothell,WA 98028,2014,5,415000.0,377808.38
4.0,1.0,1310,5200,1.5,0,0,3,1160,150,1945,2010,Seattle,WA 98126,2014,5,266066.666667,454675.60269845993
3.0,1.75,1420,1189,3.0,0,0,3,1420,0,2006,0,Seattle,WA 98103,2014,6,455000.0,484590.72
3.0,2.75,1300,14197,1.0,0,0,3,860,440,1996,0,Kent,WA 98030,2014,6,245000.0,309892.25416666
4.0,2.5,2050,5276,2.0,0,0,3,2050,0,2006,0,Renton,WA 98059,2014,6,385000.0,384509.62857143
2.0,1.0,970,13700,1.0,0,0,3,970,0,1949,1998,Seattle,WA 98106,2014,5,300000.0,217137.375
4.0,2.5,1890,8505,1.0,0,0,3,1290,600,1980,0,Redmond,WA 98052,2014,6,437000.0,551383.5
2.0,2.0,1390,1302,2.0,0,0,3,1390,0,1986,0,Federal Way,WA 98003,2014,5,186950.0,259169.8
4.0,2.5,2500,4945,2.0,0,0,3,2500,0,2013,1923,Snoqualmie,WA 98065,2014,5,575000.0,462162.75974358997
4.0,1.75,2000,3988,1.0,0,4,4,1000,1000,1958,1972,Seattle,WA 98116,2014,7,810000.0,475260.71666667
3.0,1.0,1250,4620,1.5,0,0,4,1150,100,1900,1971,Seattle,WA 98103,2014,5,712000.0,460670.32142858
3.0,2.0,1770,7000,1.0,0,0,3,1770,0,1986,0,Auburn,WA 98001,2014,7,241000.0,250169.95714286
3.0,1.0,1100,4600,1.0,0,0,3,1100,0,1917,2009,Seattle,WA 98116,2014,5,450000.0,471289.52351852
5.0,3.25,3400,7452,2.0,0,0,3,3400,0,1999,0,Bellevue,WA 98007,2014,5,950000.0,871590.05
3.0,1.0,1440,11250,1.0,0,0,3,1440,0,1967,2011,Renton,WA 98055,2014,7,290000.0,283884.94444444
4.0,2.25,1830,9485,1.0,0,0,4,1200,630,1989,0,Federal Way,WA 98023,2014,5,236000.0,260110.26178571
3.0,3.0,1970,24318,1.0,0,0,3,1970,0,2010,0,Kenmore,WA 98028,2014,5,445000.0,409640.9
2.0,1.0,2160,12960,1.0,0,0,3,1360,800,1968,1997,Tukwila,WA 98168,2014,7,305000.0,338116.75999999
3.0,2.5,2570,10431,2.0,0,0,3,2570,0,1989,0,Kent,WA 98031,2014,6,399950.0,372437.0
3.0,1.0,1200,9936,1.0,0,0,4,1200,0,1969,0,Maple Valley,WA 98038,2014,6,108333.333333,247391.2
3.0,1.0,1160,10384,1.0,0,0,4,1160,0,1969,0,Maple Valley,WA 98038,2014,5,215000.0,242804.31875
3.0,2.0,1410,6030,1.5,0,0,4,1410,0,1930,0,Seattle,WA 98103,2014,5,418000.0,513700.0
2.0,2.5,1620,3196,2.0,0,0,3,1620,0,2008,0,Snoqualmie,WA 98065,2014,6,386000.0,353893.94619047
3.0,2.0,1710,7225,2.0,0,0,4,1710,0,1988,0,Federal Way,WA 98023,2014,6,250500.0,248583.88571426005
3.0,2.0,1810,4064,1.5,0,0,3,1810,0,1925,2002,Seattle,WA 98103,2014,6,550000.0,646182.40857143
3.0,1.0,1370,3000,1.5,0,0,3,1370,0,1924,2011,Seattle,WA 98103,2014,5,479000.0,502077.84222222003
4.0,2.25,2000,3672,2.0,0,0,5,1650,350,1926,0,Seattle,WA 98117,2014,6,402000.0,669027.11
3.0,1.5,1060,9039,1.0,0,0,3,1060,0,1973,2013,Renton,WA 98058,2014,5,255000.0,235542.9175
4.0,3.0,3150,7778,2.0,0,0,3,3150,0,2000,0,Sammamish,WA 98075,2014,6,700000.0,728361.9562069001
3.0,2.5,2400,6975,2.0,0,0,3,2400,0,1993,0,Newcastle,WA 98056,2014,6,570000.0,524762.4
4.0,2.5,2700,6515,2.0,0,0,3,2700,0,1998,2006,Renton,WA 98058,2014,7,426500.0,425737.58111112
3.0,2.0,1440,4421,1.0,0,0,3,1440,0,2007,0,Redmond,WA 98053,2014,5,413800.0,439820.4
3.0,2.5,2360,4638,2.0,0,3,3,2360,0,1996,0,Seattle,WA 98115,2014,5,580050.0,726396.77857143
3.0,2.25,2675,40910,2.0,0,0,3,2675,0,1984,0,Sammamish,WA 98075,2014,5,660000.0,647548.9188852899
3.0,2.5,2140,8925,2.0,0,0,3,2140,0,1991,0,Sammamish,WA 98074,2014,6,640000.0,551894.14
5.0,1.75,2320,8100,1.0,0,0,4,1160,1160,1956,0,Burien,WA 98166,2014,5,315000.0,400756.02
4.0,1.75,2350,11914,1.0,0,0,4,2350,0,1961,2001,Mercer Island,WA 98040,2014,5,850000.0,815667.0
2.0,1.0,910,7000,1.0,0,0,3,910,0,1952,2008,Seattle,WA 98115,2014,5,389000.0,333858.20916667
4.0,2.5,2650,30500,1.0,0,0,4,1680,970,1960,2001,Issaquah,WA 98029,2014,6,715000.0,556230.7
3.0,1.0,1250,15603,1.0,0,0,4,1250,0,1959,0,Renton,WA 98056,2014,6,235000.0,262789.46153845004
4.0,2.75,3150,67518,1.0,0,0,4,2250,900,1965,0,Auburn,WA 98092,2014,5,370000.0,505788.33333333
4.0,2.5,2070,5415,2.0,0,0,3,2070,0,1996,0,Issaquah,WA 98029,2014,6,578000.0,548152.36
2.0,1.0,1030,4841,1.0,0,0,3,920,110,1939,1969,Seattle,WA 98103,2014,5,535000.0,477277.8575
3.0,2.0,2050,9000,1.0,0,0,4,2050,0,1951,1999,Mercer Island,WA 98040,2014,6,713250.0,757876.0
3.0,1.0,1270,6405,1.5,0,0,3,1270,0,1944,0,Seattle,WA 98178,2014,6,153000.0,344933.06071429
3.0,1.0,1320,7341,1.0,0,0,3,1320,0,1982,0,Shoreline,WA 98155,2014,6,370000.0,296478.13055556
4.0,1.75,2080,7200,1.0,0,0,4,1050,1030,1966,0,Auburn,WA 98001,2014,7,198000.0,259587.37555556998
3.0,2.5,1180,1262,3.0,0,0,3,1180,0,2010,0,Seattle,WA 98119,2014,6,472000.0,480830.47
3.0,1.75,1620,3975,1.0,0,0,5,940,680,1926,0,Seattle,WA 98117,2014,5,641000.0,554037.47384616
3.0,2.5,2000,9202,2.0,0,0,4,2000,0,1992,0,Maple Valley,WA 98038,2014,5,225000.0,313918.61571429
4.0,2.5,2590,8483,2.0,0,0,3,2590,0,1991,0,Bothell,WA 98011,2014,7,368112.5,525081.86111112
4.0,1.0,1530,7200,1.5,0,0,3,1400,130,1948,1994,Seattle,WA 98178,2014,5,135333.333333,321701.45
3.0,2.0,2050,3933,1.0,0,0,3,1180,870,1926,2001,Seattle,WA 98112,2014,5,724800.0,604974.56666666
2.0,2.5,1480,1369,3.0,0,0,3,1480,0,2009,0,Redmond,WA 98052,2014,5,420000.0,448116.44761905
4.0,2.5,4150,8436,2.0,0,0,3,4150,0,2014,0,Sammamish,WA 98075,2014,6,969990.0,824805.77
4.0,2.5,2260,3713,2.0,0,0,3,2260,0,2003,0,Kirkland,WA 98034,2014,6,560000.0,569749.50666667
3.0,2.25,2030,9791,1.0,0,0,4,1500,530,1984,0,Newcastle,WA 98059,2014,5,572500.0,389882.19761904003
2.0,1.75,1350,6315,1.0,0,0,3,1350,0,2005,0,Redmond,WA 98053,2014,5,429000.0,401354.0
4.0,2.25,1995,7102,2.0,0,0,4,1995,0,1981,0,Federal Way,WA 98023,2014,7,266000.0,279931.49999995006
4.0,2.75,2620,13777,1.5,0,2,4,1720,900,1926,1993,Seattle,WA 98144,2014,5,978000.0,772868.54
4.0,2.25,1960,8680,1.0,0,0,4,1290,670,1959,0,Bellevue,WA 98004,2014,5,723000.0,774566.0
4.0,2.0,2280,6010,1.0,0,0,3,1140,1140,1900,2005,Seattle,WA 98122,2014,5,628000.0,549074.34428571
3.0,2.0,1463,868,3.0,0,0,3,1463,0,2003,0,Seattle,WA 98115,2014,6,390000.0,418451.98666667
3.0,1.0,940,10368,1.0,0,0,3,940,0,1965,1993,Redmond,WA 98052,2014,6,354000.0,333804.0
3.0,1.5,1340,10224,1.0,0,0,4,1340,0,1956,0,Bellevue,WA 98006,2014,5,417000.0,478189.5
3.0,1.5,1760,6723,1.0,0,0,3,1160,600,1958,2004,Seattle,WA 98118,2014,6,470000.0,435043.5
3.0,2.0,1410,7566,1.0,0,0,3,1410,0,1985,0,Kent,WA 98030,2014,5,239900.0,246289.04285714
3.0,2.0,2390,6888,2.0,0,1,5,2390,0,1939,0,Seattle,WA 98115,2014,5,1100000.0,747524.69857143
4.0,2.25,2810,23400,1.0,0,1,3,1710,1100,1958,2004,Des Moines,WA 98198,2014,5,407000.0,519877.94642858
2.0,1.0,770,4000,1.0,0,0,5,770,0,1924,1956,Seattle,WA 98117,2014,5,413500.0,345646.12464388
3.0,1.0,1500,4000,1.0,0,0,3,900,600,1925,2002,Seattle,WA 98117,2014,6,395000.0,501178.39888889
3.0,2.5,2620,51354,2.0,0,0,3,2620,0,1998,2006,Woodinville,WA 98077,2014,7,695000.0,591132.13
3.0,1.5,1810,29308,1.0,0,0,3,950,860,1983,2009,Covington,WA 98042,2014,6,261000.0,268110.5
3.0,2.75,2500,7378,1.0,0,0,5,1390,1110,1948,1985,Seattle,WA 98177,2014,6,700000.0,693526.27142855
3.0,2.5,1850,7777,2.0,0,0,5,1850,0,1989,0,Kirkland,WA 98033,2014,6,623000.0,583755.0
3.0,1.75,1640,10695,1.0,0,2,3,1640,0,1975,0,Kirkland,WA 98034,2014,6,505000.0,459857.85
3.0,2.0,1670,7757,1.0,0,0,3,1670,0,1992,0,Kent,WA 98030,2014,6,289950.0,237727.05619045004
2.0,1.5,1130,746,2.0,0,0,3,1030,100,2009,0,Seattle,WA 98107,2014,7,536000.0,430166.5
3.0,2.0,1800,12669,1.0,0,0,3,1800,0,1956,1990,Kirkland,WA 98033,2014,6,470000.0,532152.0
4.0,2.5,3140,9225,1.0,0,2,5,1770,1370,1966,0,Renton,WA 98057,2014,6,578000.0,518880.75555556
2.0,2.5,1150,1027,3.0,0,0,3,1150,0,2008,0,Seattle,WA 98103,2014,5,425000.0,439128.5
2.0,2.5,2160,5581,1.0,0,0,3,2160,0,2002,0,Redmond,WA 98053,2014,5,715000.0,711829.4782608501
3.0,2.5,2430,10500,2.0,0,1,3,2430,0,1989,0,Bellevue,WA 98004,2014,6,1027000.0,944262.2
2.0,1.0,720,6687,1.0,0,0,3,720,0,1942,1999,Seattle,WA 98117,2014,5,329350.0,329299.93333334
4.0,2.5,2010,7226,2.0,0,0,3,2010,0,1995,0,Auburn,WA 98092,2014,5,316000.0,287736.68303571997
4.0,1.0,1120,7104,1.5,0,0,3,1120,0,1946,0,Seattle,WA 98177,2014,6,554000.0,356237.2875
2.0,1.0,780,3910,1.0,0,0,3,780,0,1918,0,Seattle,WA 98126,2014,7,380000.0,266037.1110368
2.0,1.0,830,26329,1.0,1,3,4,830,0,1928,0,Vashon,WA 98070,2014,6,385000.0,298364.25
3.0,2.75,1310,7300,1.0,0,0,3,1310,0,1957,2000,Bellevue,WA 98008,2014,6,0.0,437392.49999999
3.0,1.0,1050,5402,1.5,0,0,4,1050,0,1906,1990,Seattle,WA 98144,2014,5,339950.0,434541.8125
4.0,2.0,1520,6200,1.5,0,0,3,1520,0,1945,2010,Seattle,WA 98115,2014,5,640000.0,451205.86000001
3.0,1.5,1470,7200,2.0,0,0,4,1470,0,1907,0,Seattle,WA 98118,2014,6,590300.0,494337.53333333996
1.0,0.75,370,1801,1.0,0,0,5,370,0,1923,0,Seattle,WA 98117,2014,7,276000.0,292195.0
3.0,2.5,1480,1663,2.0,0,0,3,1180,300,2012,1912,Seattle,WA 98126,2014,5,341000.0,492555.1666666666
4.0,1.75,2330,4000,2.0,0,0,5,1300,1030,1924,1956,Seattle,WA 98105,2014,5,840000.0,685806.15428571
3.0,1.75,2410,8944,1.0,0,0,4,1860,550,1967,0,Renton,WA 98058,2014,6,415000.0,372890.63055555
3.0,2.5,1920,15124,2.0,0,0,3,1920,0,1995,0,North Bend,WA 98045,2014,5,429000.0,379802.93714285997
5.0,3.5,3690,11928,2.0,0,0,3,2540,1150,2006,0,Sammamish,WA 98074,2014,6,437500.0,771677.5462069
4.0,2.5,2720,10006,2.0,0,0,3,2720,0,1989,0,Sammamish,WA 98074,2014,7,594950.0,661727.82272728
5.0,3.75,5330,6000,2.0,0,2,3,3570,1760,2006,0,Issaquah,WA 98027,2014,5,950000.0,558944.1
6.0,2.75,2520,9324,1.0,0,0,4,1320,1200,1962,0,Lake Forest Park,WA 98155,2014,6,410000.0,450922.86
4.0,3.75,2930,3200,1.5,0,0,5,2130,800,1925,0,Seattle,WA 98119,2014,6,1100000.0,859672.30333333
3.0,1.0,1620,30736,1.5,0,0,4,1620,0,1911,1977,Bellevue,WA 98006,2014,5,346750.0,486106.91666666
2.0,2.25,2550,6000,2.0,0,0,5,1860,690,1902,0,Seattle,WA 98115,2014,6,660000.0,792593.5
5.0,3.75,5340,10655,2.5,0,3,4,3740,1600,1912,1989,Seattle,WA 98144,2014,5,195000.0,680815.02
3.0,3.25,1730,1229,2.0,0,2,3,1320,410,2008,0,Seattle,WA 98119,2014,5,645000.0,543112.30000001
2.0,1.0,840,4239,1.0,0,0,3,840,0,1948,1994,Seattle,WA 98136,2014,6,325000.0,386977.97695157
3.0,1.5,1420,8580,1.0,0,0,3,1420,0,1962,2003,Federal Way,WA 98023,2014,5,136500.0,201201.47
4.0,2.5,2570,9000,1.0,0,0,4,1590,980,1979,0,Federal Way,WA 98023,2014,6,287500.0,356017.0
4.0,2.5,1980,6660,2.0,0,0,4,1980,0,1974,0,Kirkland,WA 98034,2014,7,463000.0,460536.6142857599
4.0,2.75,2000,5827,2.0,0,0,3,2000,0,1997,0,Maple Valley,WA 98038,2014,6,236000.0,316216.3775
3.0,2.5,1720,8755,1.0,0,0,3,1000,720,1983,2009,Federal Way,WA 98023,2014,6,275000.0,253573.01160714
3.0,2.5,1800,5761,2.0,0,0,4,1800,0,1990,0,Seattle,WA 98106,2014,5,408200.0,475347.27
4.0,1.75,1730,8320,1.0,0,0,3,1230,500,1977,2004,Federal Way,WA 98023,2014,5,258000.0,227974.54666666
3.0,2.5,3170,12750,2.0,0,0,3,2360,810,1995,0,Federal Way,WA 98023,2014,6,405000.0,524486.33
3.0,3.0,4120,60392,2.0,0,2,3,3180,940,1994,0,Carnation,WA 98014,2014,5,560000.0,721002.5
2.0,1.0,1230,3800,1.0,0,0,3,1230,0,1928,1954,Seattle,WA 98115,2014,6,435000.0,470833.91071429
2.0,1.0,1250,8100,1.0,0,0,4,1250,0,1947,1988,Seattle,WA 98125,2014,6,365000.0,330135.1
3.0,1.0,1700,8645,1.0,0,0,3,1700,0,1955,2005,Seattle,WA 98146,2014,5,149000.0,484274.42
3.0,2.75,2470,10125,2.0,0,0,3,2470,0,1960,2012,Mercer Island,WA 98040,2014,6,970500.0,811275.0
3.0,2.5,2200,1970,2.0,0,0,3,1610,590,2008,0,Seattle,WA 98102,2014,5,1050000.0,511519.2933333333
4.0,3.5,2690,6164,2.0,0,0,3,2690,0,2002,0,Sammamish,WA 98075,2014,6,699850.0,663964.2263636399
3.0,1.75,1480,2185,2.5,0,0,3,1480,0,2005,0,Kirkland,WA 98033,2014,5,620000.0,467220.37857143
3.0,2.0,1980,2674,3.0,0,0,3,1980,0,2007,0,Seattle,WA 98136,2014,6,435000.0,519964.95
3.0,1.75,1270,8100,1.0,0,0,3,880,390,1950,2005,Burien,WA 98146,2014,6,346000.0,227373.78208333
4.0,2.5,2330,9928,2.0,0,0,3,2330,0,1998,2006,North Bend,WA 98045,2014,6,471000.0,422668.30666667
2.0,2.5,1240,2689,2.0,0,0,3,1240,0,1986,0,Federal Way,WA 98003,2014,6,174500.0,245898.87
5.0,1.75,2460,6846,1.5,0,0,5,1340,1120,1911,1984,Seattle,WA 98108,2014,6,445000.0,597616.46285713
4.0,2.75,2310,4020,3.0,0,0,5,2310,0,1979,0,Seattle,WA 98122,2014,7,890000.0,600866.205
3.0,2.5,2200,11000,2.0,0,2,3,2200,0,1978,0,Bellevue,WA 98008,2014,7,580000.0,643647.66666666
3.0,2.0,1840,4750,1.0,0,0,5,1010,830,1951,0,Seattle,WA 98117,2014,5,730001.0,547887.81
3.0,2.5,2070,12708,2.0,0,0,3,2070,0,1996,0,Newcastle,WA 98056,2014,6,560000.0,471851.01071428997
4.0,3.25,3090,6744,2.0,0,4,3,3090,0,2013,1923,Shoreline,WA 98177,2014,5,850000.0,632092.54166667
4.0,2.5,1890,7867,2.0,0,0,3,1890,0,1996,0,Maple Valley,WA 98038,2014,6,355000.0,316560.46428571
4.0,2.5,2190,11500,1.0,0,0,4,1430,760,1972,0,Bellevue,WA 98006,2014,6,699900.0,603329.58333333
3.0,2.5,3290,6830,2.0,0,0,3,3290,0,2000,0,Redmond,WA 98052,2014,6,930000.0,760487.62111111
5.0,3.5,3490,9680,2.0,0,4,3,2460,1030,1980,0,Shoreline,WA 98177,2014,6,941500.0,595661.08
4.0,2.5,2683,40386,2.0,0,0,4,2683,0,1987,0,Redmond,WA 98052,2014,6,681965.78125,717792.55838511
3.0,1.75,2000,9900,1.0,0,2,4,1480,520,1957,2001,Normandy Park,WA 98166,2014,6,440000.0,345694.35
3.0,1.0,1560,14333,1.0,0,0,4,1560,0,1953,1983,Normandy Park,WA 98166,2014,6,387500.0,340836.33888889
4.0,2.5,2650,11520,2.0,0,0,3,2110,540,1988,2000,Kirkland,WA 98033,2014,6,720000.0,713666.0475
4.0,2.5,1980,5909,2.0,0,0,3,1980,0,2003,0,Kent,WA 98031,2014,6,307550.0,286261.21517857997
5.0,1.0,1870,7800,1.0,0,0,3,1580,290,1962,2003,Seattle,WA 98168,2014,7,262000.0,370266.88
4.0,2.5,2380,7066,2.0,0,0,4,2380,0,1997,0,Kent,WA 98031,2014,5,268971.875,350825.13
3.0,1.75,2360,7291,1.0,0,0,4,1360,1000,1948,0,Seattle,WA 98136,2014,5,615000.0,584774.21714284
3.0,1.5,1300,7200,1.0,0,0,5,1300,0,1960,0,Kirkland,WA 98033,2014,7,625000.0,504890.1537927499
3.0,2.5,1790,7167,2.0,0,0,3,1790,0,1989,0,Sammamish,WA 98074,2014,5,515000.0,551853.8
3.0,2.0,2080,11375,1.0,0,0,3,2080,0,2002,0,Enumclaw,WA 98022,2014,6,342500.0,310913.73642858
1.0,0.75,430,5050,1.0,0,0,2,430,0,1912,0,Carnation,WA 98014,2014,5,80000.0,170953.37777778
3.0,1.0,1150,5100,2.0,0,0,3,1150,0,1911,2005,Seattle,WA 98136,2014,6,500000.0,448710.0
3.0,2.5,1580,1161,2.0,0,0,3,1010,570,2008,0,Seattle,WA 98112,2014,5,525000.0,570331.4384615399
2.0,1.0,760,3001,1.0,0,0,3,760,0,1913,1983,Seattle,WA 98144,2014,5,300000.0,340962.11321071
6.0,2.5,3820,53173,1.0,0,0,4,2040,1780,1974,0,Issaquah,WA 98027,2014,6,611000.0,599374.0
3.0,2.5,1270,1180,3.0,0,0,3,1270,0,2001,0,Seattle,WA 98107,2014,5,445700.0,455575.76
2.0,2.5,2290,3507,2.0,0,0,3,2290,0,2005,0,Issaquah,WA 98029,2014,7,630000.0,645765.8
4.0,2.5,2810,11120,2.0,0,0,3,2810,0,1982,0,Sammamish,WA 98074,2014,6,675000.0,658292.03636364
3.0,2.0,1410,7998,1.0,0,0,4,1410,0,1940,2001,Tukwila,WA 98178,2014,6,220000.0,253968.37
3.0,2.0,1430,3480,1.0,0,0,3,980,450,1947,2012,Seattle,WA 98103,2014,6,450000.0,523251.40666667
3.0,1.75,1880,10032,1.0,0,0,4,1880,0,1984,0,Bellevue,WA 98006,2014,7,486445.833333,571213.93
3.0,2.25,1640,11050,1.0,0,0,4,1640,0,1972,0,Renton,WA 98059,2014,5,352000.0,314180.94444444
2.0,2.5,2410,102366,1.0,0,0,4,1940,470,1912,1989,Fall City,WA 98024,2014,7,600000.0,534291.24999998
4.0,1.75,2120,4650,1.0,0,1,3,1190,930,1951,1994,Seattle,WA 98117,2014,5,582000.0,516570.75
3.0,2.25,2200,16921,2.0,0,0,3,2200,0,1987,2000,Maple Valley,WA 98038,2014,5,410000.0,373394.33357143
3.0,3.5,1820,1501,2.0,0,0,3,1430,390,2014,0,Seattle,WA 98144,2014,5,499950.0,516834.26666666666
3.0,2.5,2510,5400,2.0,0,0,3,2510,0,1992,0,Renton,WA 98056,2014,5,550000.0,488587.68555556
3.0,2.5,1790,2700,2.0,0,0,3,1790,0,2010,0,Issaquah,WA 98027,2014,5,509900.0,534789.26
1.0,0.75,420,6720,1.0,0,0,3,420,0,1922,2008,Seattle,WA 98108,2014,6,280000.0,108896.63425926
3.0,2.25,1580,39189,1.0,0,0,3,1180,400,1992,0,Redmond,WA 98053,2014,6,425000.0,520872.4714286399
3.0,1.0,1040,6535,1.0,0,0,3,1040,0,1947,2012,Seattle,WA 98168,2014,5,225000.0,352199.32
3.0,2.0,2300,13418,1.0,0,0,3,1430,870,1955,2005,Bellevue,WA 98004,2014,7,610000.0,851215.7
6.0,3.75,4000,6015,2.0,0,2,3,3080,920,2004,2003,Renton,WA 98058,2014,7,570000.0,694000.80923077
3.0,1.75,1200,9085,1.0,0,0,4,1200,0,1968,0,Federal Way,WA 98023,2014,7,228950.0,232083.31208333
4.0,3.75,3860,5474,2.5,0,0,3,3860,0,2007,0,Issaquah,WA 98029,2014,5,1051000.0,841678.26
3.0,2.5,1490,8102,2.0,0,0,4,1490,0,1990,0,Covington,WA 98042,2014,7,220600.0,182269.63285714
2.0,1.0,930,7550,1.0,0,0,3,930,0,1986,0,SeaTac,WA 98168,2014,6,230000.0,207077.49999997005
4.0,2.25,1790,7203,1.0,0,0,4,1110,680,1973,0,Lake Forest Park,WA 98155,2014,6,430000.0,394012.52
3.0,1.5,1020,9072,1.0,0,0,3,920,100,1930,1997,Seattle,WA 98115,2014,6,489000.0,295918.4575
3.0,2.5,1520,4170,2.0,0,0,3,1520,0,2004,2003,Maple Valley,WA 98038,2014,7,296475.0,285838.1666666633
4.0,2.0,1800,2970,1.0,0,0,4,1000,800,1923,0,Seattle,WA 98115,2014,6,415000.0,582949.1266666501
4.0,2.25,2590,10002,1.0,0,0,4,1340,1250,1968,0,Kenmore,WA 98028,2014,5,452000.0,465021.7
4.0,2.25,2210,9371,2.0,0,0,4,2210,0,1968,0,Kent,WA 98032,2014,6,305000.0,297879.93714285
3.0,2.5,2970,11985,1.0,0,0,3,1770,1200,1995,0,Sammamish,WA 98074,2014,5,525000.0,624013.29642894
4.0,2.5,2160,6223,2.0,0,0,3,2160,0,2010,0,Maple Valley,WA 98038,2014,5,383000.0,323834.5
5.0,2.25,2060,8632,1.0,0,0,3,1030,1030,1962,2003,Burien,WA 98146,2014,5,255000.0,285491.75
3.0,1.0,970,7742,1.0,0,0,4,970,0,1967,0,Federal Way,WA 98003,2014,6,219900.0,210209.0
5.0,2.5,2540,3832,2.0,0,0,5,1760,780,1929,0,Seattle,WA 98117,2014,5,620000.0,852136.0
3.0,1.75,1720,5899,1.0,0,1,3,1220,500,1986,0,Seattle,WA 98136,2014,6,514000.0,458449.24333335995
3.0,1.5,1310,8160,1.0,0,0,3,1310,0,1950,2005,Seattle,WA 98133,2014,5,365000.0,331591.05
3.0,1.75,1650,12940,1.0,0,0,4,1650,0,1961,2001,Kenmore,WA 98028,2014,5,438000.0,367264.125
5.0,2.5,2240,7543,1.0,0,0,3,1140,1100,1966,1963,Shoreline,WA 98177,2014,6,469000.0,413995.05285714
2.0,2.25,1060,1208,2.0,0,0,3,940,120,2005,0,Seattle,WA 98102,2014,6,499950.0,459145.0
3.0,2.0,2080,3880,1.0,0,0,5,1160,920,1954,0,Seattle,WA 98117,2014,6,700000.0,521681.925
2.0,1.0,720,5040,1.0,0,0,3,720,0,1955,2005,Seattle,WA 98106,2014,5,205000.0,255575.46538461998
2.0,1.0,1050,2542,1.0,0,0,3,880,170,1904,0,Seattle,WA 98122,2014,6,650000.0,414919.72
4.0,2.5,1982,6406,2.0,0,0,3,1982,0,2004,2003,Kent,WA 98030,2014,5,283200.0,291295.69821428997
2.0,1.5,1480,7276,1.0,0,0,4,940,540,1978,2000,Renton,WA 98056,2014,6,269500.0,294915.50277778
3.0,2.25,3020,43560,2.0,0,0,3,2720,300,1969,2010,Bellevue,WA 98005,2014,6,955000.0,851159.9525
3.0,2.5,1660,1545,2.0,0,2,3,1400,260,2002,0,Seattle,WA 98109,2014,6,700000.0,563440.51111112
4.0,3.75,4610,40202,1.0,0,0,4,2500,2110,1980,0,Issaquah,WA 98027,2014,6,630000.0,765642.26
3.0,1.0,1080,21043,1.0,0,0,3,1080,0,1942,1999,Seattle,WA 98106,2014,5,210000.0,256579.3775
3.0,1.75,1990,5560,1.0,0,0,4,1100,890,1939,1989,Seattle,WA 98105,2014,6,763101.0,506974.79000001
4.0,2.75,2414,7693,2.0,0,0,3,2414,0,2006,0,Auburn,WA 98002,2014,6,292000.0,315564.5
3.0,1.0,1390,6000,1.0,0,0,3,1390,0,1954,2005,Renton,WA 98056,2014,7,230000.0,250802.95230769002
4.0,2.5,2000,13300,1.0,0,0,4,1200,800,1968,0,Auburn,WA 98001,2014,5,290000.0,299498.28857143
4.0,2.0,2060,5000,1.0,0,0,3,1030,1030,1949,2013,Seattle,WA 98117,2014,5,612500.0,531292.03846154
5.0,3.0,2430,8000,1.0,0,0,4,1370,1060,1957,2001,Bellevue,WA 98008,2014,6,506000.0,639752.1
3.0,2.5,1260,889,3.0,0,0,3,1260,0,2008,0,Seattle,WA 98109,2014,5,479000.0,459767.66666667
4.0,3.25,2400,29252,2.0,0,0,4,2400,0,1982,2011,Woodinville,WA 98072,2014,5,585000.0,564506.64
2.0,1.75,1740,5400,1.0,0,0,4,990,750,1946,1989,Seattle,WA 98115,2014,6,452000.0,523643.28888889
6.0,2.0,2150,4505,1.0,0,0,3,1270,880,1952,2008,Seattle,WA 98119,2014,5,755000.0,516423.4
3.0,1.75,1900,5520,1.0,0,0,3,1280,620,1982,0,Seattle,WA 98118,2014,5,385000.0,415408.33
3.0,1.0,1090,3264,1.0,0,0,4,1090,0,1969,0,Auburn,WA 98092,2014,6,152000.0,209461.88888889
3.0,1.0,1920,6862,1.0,0,2,3,1120,800,1952,2008,Seattle,WA 98118,2014,5,325000.0,474028.0888889
3.0,1.0,1070,6109,1.0,0,0,5,1070,0,1951,0,Seattle,WA 98125,2014,5,337000.0,400882.5
5.0,4.5,4850,40902,2.0,0,0,3,4850,0,2001,0,Federal Way,WA 98023,2014,5,569950.0,777805.0
4.0,1.0,1170,8147,1.5,0,0,3,1170,0,1959,1989,Seattle,WA 98125,2014,7,350000.0,286805.205
3.0,2.0,1470,1691,2.0,0,0,3,1000,470,2007,0,Seattle,WA 98115,2014,5,540000.0,472345.39888889
4.0,2.75,4140,24190,2.0,0,0,3,4140,0,2002,0,Auburn,WA 98092,2014,6,657500.0,670859.75
4.0,2.5,1540,1870,2.0,0,0,3,1540,0,2014,0,Issaquah,WA 98029,2014,7,484998.0,478095.3
2.0,1.5,1570,3600,1.5,0,2,4,1320,250,1906,1990,Seattle,WA 98119,2014,7,782000.0,605491.35
3.0,3.5,2440,3427,2.0,0,0,3,1990,450,2000,0,Bellevue,WA 98005,2014,6,710000.0,758637.3125
3.0,2.75,2600,5875,1.5,0,2,5,1600,1000,1929,0,Seattle,WA 98116,2014,6,805000.0,779310.8485714201
5.0,3.5,3480,36615,2.0,0,0,4,2490,990,1983,0,Issaquah,WA 98075,2014,5,0.0,720273.3611111001
3.0,2.5,1930,7214,2.0,0,0,3,1930,0,2005,0,Seattle,WA 98125,2014,6,530000.0,445616.025
3.0,2.5,2150,7484,2.0,0,0,3,2150,0,1988,2000,Sammamish,WA 98074,2014,5,368250.0,566042.76
3.0,1.75,1790,7650,1.0,0,3,3,1790,0,1978,0,Federal Way,WA 98023,2014,6,299950.0,336978.43999999
2.0,1.0,1200,9000,1.0,0,2,5,1200,0,1917,0,Des Moines,WA 98198,2014,6,255000.0,208302.0
2.0,1.0,800,4850,1.0,0,0,4,800,0,1944,0,Seattle,WA 98107,2014,5,440000.0,359449.15117058
2.0,2.5,750,1430,2.0,0,0,3,750,0,2006,0,Seattle,WA 98122,2014,5,375000.0,341686.85
3.0,3.25,1980,2850,3.0,0,0,3,1980,0,1987,2000,Seattle,WA 98103,2014,6,660000.0,559190.9
3.0,2.0,1350,11805,1.0,0,0,3,1350,0,1986,0,Duvall,WA 98019,2014,6,325000.0,319197.39652777003
3.0,2.25,1630,3817,2.0,0,0,3,1630,0,2005,0,Issaquah,WA 98029,2014,6,497000.0,481639.67777778
3.0,2.5,2770,9136,2.0,0,0,3,2770,0,1991,0,Bellevue,WA 98006,2014,5,860000.0,793869.3125
3.0,1.75,1180,10541,1.0,0,0,4,940,240,1981,0,Sammamish,WA 98074,2014,5,385000.0,347324.35625
2.0,1.0,820,4320,1.0,0,0,3,820,0,1937,1999,Seattle,WA 98106,2014,7,102500.0,274709.3269230999
4.0,3.5,4040,50479,2.0,0,0,3,4040,0,1987,2000,Woodinville,WA 98077,2014,6,910000.0,733570.18
3.0,1.75,2290,14800,1.0,0,0,3,1620,670,1965,1993,Lake Forest Park,WA 98155,2014,6,470000.0,436108.86047618004
3.0,2.25,1910,3481,2.0,0,0,3,1910,0,2009,0,Kent,WA 98031,2014,7,293000.0,291295.39125
3.0,2.5,1850,4597,2.0,0,0,3,1850,0,2003,0,Covington,WA 98042,2014,5,254000.0,298841.19
3.0,2.25,1320,1800,2.0,0,0,3,1320,0,1994,0,Seattle,WA 98122,2014,7,540000.0,486485.28698412003
3.0,1.0,1340,15600,1.0,0,0,4,1340,0,1978,2000,Kent,WA 98042,2014,5,124740.0,226721.74
3.0,1.75,2430,9133,1.0,0,0,4,1410,1020,1978,2000,Renton,WA 98059,2014,6,335000.0,413251.11666666
5.0,2.5,2340,6000,2.0,0,0,4,2340,0,1922,0,Seattle,WA 98144,2014,6,1085000.0,668858.62
4.0,3.5,4220,196817,2.0,0,0,3,4220,0,1993,0,Auburn,WA 98092,2014,5,799950.0,786217.62
2.0,1.0,700,5200,1.0,0,0,5,700,0,1952,1998,Renton,WA 98056,2014,5,155000.0,197323.63
4.0,2.5,3160,11380,2.0,0,0,3,3160,0,1983,2009,Sammamish,WA 98074,2014,5,645000.0,717892.02436783
3.0,2.5,1440,7741,1.0,0,0,4,1000,440,1983,0,Kent,WA 98031,2014,5,265000.0,254380.99335316
4.0,2.5,2030,3974,2.0,0,0,3,2030,0,1994,0,Issaquah,WA 98029,2014,6,544000.0,522564.64
4.0,2.75,2880,4000,1.5,0,0,3,2100,780,1912,2000,Seattle,WA 98144,2014,6,755000.0,860988.0
3.0,2.5,1740,13750,2.0,0,0,4,1740,0,1975,0,Bellevue,WA 98008,2014,5,645000.0,588814.91666665
3.0,3.0,3740,39640,2.0,0,2,3,3740,0,1991,0,Vashon,WA 98070,2014,6,789000.0,784093.72222222
2.0,1.0,820,2723,1.0,0,0,3,820,0,1921,2000,Seattle,WA 98103,2014,5,475000.0,398760.50313393
3.0,2.0,1670,7700,1.0,0,0,3,1170,500,1972,2002,Kirkland,WA 98034,2014,6,424000.0,425761.42857143
2.0,1.0,890,2100,1.0,0,0,4,760,130,1919,1985,Seattle,WA 98107,2014,6,460000.0,396048.25925926
3.0,1.0,1580,6300,1.0,0,0,3,1180,400,1925,2002,Seattle,WA 98199,2014,6,535000.0,536186.13888889
2.0,1.75,1600,4000,1.0,0,0,5,850,750,1918,0,Seattle,WA 98112,2014,6,690000.0,611125.76
3.0,1.75,1250,6041,1.5,0,0,5,1250,0,1942,0,Seattle,WA 98115,2014,6,530000.0,444983.05059525
4.0,2.5,3250,5000,2.0,0,0,3,3250,0,2008,0,Renton,WA 98059,2014,6,580000.0,510709.8937363002
3.0,2.75,2670,3738,1.0,0,0,3,1720,950,2013,1923,Renton,WA 98056,2014,6,798800.0,478890.45000002
4.0,3.0,2130,6325,1.0,0,0,5,1440,690,1948,1985,Seattle,WA 98116,2014,7,620000.0,623356.93
3.0,2.5,2120,9736,2.0,0,0,3,2120,0,1988,2000,Bothell,WA 98011,2014,6,531000.0,406335.65571429
4.0,3.5,3920,37122,2.0,0,0,3,3920,0,1996,0,Redmond,WA 98053,2014,6,850000.0,847546.88
3.0,1.0,1150,8145,1.0,0,0,4,990,160,1932,1958,Shoreline,WA 98155,2014,6,290000.0,265136.88777778
4.0,2.5,2105,6093,2.0,0,0,3,2105,0,2003,0,Kent,WA 98042,2014,7,330000.0,298111.11482143
3.0,2.5,2610,7510,2.0,0,0,3,2610,0,1996,0,Redmond,WA 98052,2014,6,725000.0,702593.39047618
3.0,2.25,2140,11266,2.0,0,0,3,2140,0,1986,0,Duvall,WA 98019,2014,6,400000.0,399460.0325
2.0,1.75,2040,28593,1.5,1,3,4,2040,0,1919,1990,Vashon,WA 98070,2014,5,615000.0,562218.0
3.0,2.25,1800,36704,1.0,0,0,4,1360,440,1978,2000,Issaquah,WA 98027,2014,5,410000.0,467932.69
2.0,2.0,1460,9052,1.0,0,2,5,1460,0,1900,0,Kirkland,WA 98033,2014,6,1010000.0,548466.34615385
3.0,1.0,1030,6127,1.0,0,0,3,880,150,1947,2012,Seattle,WA 98125,2014,5,252500.0,425370.11
3.0,2.25,2060,38377,1.0,0,0,4,1560,500,1978,2000,Federal Way,WA 98003,2014,5,306500.0,351782.77142857
3.0,2.5,1680,2000,3.0,0,0,3,1680,0,1909,1998,Seattle,WA 98105,2014,5,670000.0,732036.5
3.0,1.75,1320,5750,1.5,0,0,5,1320,0,1918,0,Seattle,WA 98116,2014,5,660000.0,509122.5
4.0,1.0,1940,5753,1.5,0,0,3,1940,0,1947,2012,Seattle,WA 98177,2014,6,323833.333333,670670.83
3.0,2.0,1940,5820,1.5,0,0,5,1150,790,1944,0,Seattle,WA 98107,2014,5,665000.0,531047.3833333399
3.0,2.0,2180,4976,1.5,0,2,4,1680,500,1930,0,Seattle,WA 98126,2014,6,555000.0,696492.25
4.0,2.5,2120,4558,2.0,0,0,3,2120,0,2002,0,Maple Valley,WA 98038,2014,7,329950.0,319352.2
2.0,1.5,1200,1687,3.0,0,0,3,1200,0,2008,0,Seattle,WA 98103,2014,6,504200.0,387076.19
2.0,1.0,650,5400,1.0,0,0,3,650,0,1950,2005,Seattle,WA 98122,2014,6,295000.0,308168.09166667
3.0,2.0,2020,8118,1.0,0,0,3,1020,1000,1963,2008,Bellevue,WA 98008,2014,5,507500.0,481206.16666667996
4.0,2.5,2430,14400,1.0,0,0,5,1670,760,1963,0,Bellevue,WA 98007,2014,6,645000.0,703409.64
5.0,2.75,3240,6863,2.0,0,0,3,3240,0,2013,1923,Renton,WA 98056,2014,6,0.0,583525.06403847
4.0,2.75,2656,21195,2.0,0,0,3,2656,0,2014,0,Auburn,WA 98001,2014,5,495000.0,423895.10307692
3.0,2.0,1610,15005,1.0,0,0,4,1610,0,1986,0,Carnation,WA 98014,2014,6,345000.0,308504.55
4.0,2.5,2560,8780,2.0,0,0,3,2560,0,1992,0,Issaquah,WA 98029,2014,5,642000.0,628982.26
4.0,2.5,3230,7331,2.0,0,0,3,3230,0,2004,2003,Sammamish,WA 98075,2014,5,730000.0,746130.4324138
2.0,1.0,1080,3899,1.0,0,0,4,1080,0,1972,0,Des Moines,WA 98198,2014,5,195000.0,230222.07555555002
2.0,1.0,900,13531,1.0,0,0,3,900,0,1979,2014,Pacific,WA 98047,2014,7,174000.0,248850.62564102001
4.0,2.75,3030,6625,2.0,0,0,3,3030,0,2011,0,Renton,WA 98059,2014,6,525000.0,490197.79089749994
4.0,2.0,1530,6375,2.0,0,0,3,1530,0,1942,1983,Renton,WA 98058,2014,5,231000.0,268255.61
3.0,1.75,1550,3680,1.0,0,0,3,1050,500,1927,2011,Seattle,WA 98117,2014,6,530000.0,531870.60965813
1.0,1.0,700,5100,1.0,0,0,3,700,0,1942,1999,Seattle,WA 98115,2014,5,350000.0,283805.30769231
4.0,1.75,2090,8164,1.0,0,0,4,1070,1020,1963,0,Redmond,WA 98052,2014,5,581000.0,533347.0
3.0,2.25,1600,45613,2.0,0,0,4,1600,0,1983,0,Woodinville,WA 98072,2014,7,502000.0,447590.50833333
3.0,3.25,1830,1804,3.0,0,0,3,1830,0,2014,0,Seattle,WA 98117,2014,7,599950.0,565773.31
3.0,2.0,1990,3990,1.0,0,0,5,1130,860,1912,0,Seattle,WA 98103,2014,6,760500.0,624514.09
3.0,3.5,2380,6250,2.0,0,3,3,1670,710,1997,0,Seattle,WA 98118,2014,5,495000.0,599693.54
2.0,1.0,860,3880,1.0,0,0,4,860,0,1916,0,Seattle,WA 98117,2014,6,420000.0,404830.59412239003
5.0,2.5,2350,4000,2.0,0,0,3,2350,0,1993,0,Seattle,WA 98112,2014,6,910000.0,602460.69666667
4.0,2.5,3010,6100,2.0,0,0,3,3010,0,2005,0,Redmond,WA 98052,2014,6,789500.0,741823.0
3.0,1.75,1300,7030,1.0,0,0,3,1300,0,1968,1997,Kirkland,WA 98034,2014,6,385000.0,391425.80000002997
4.0,3.0,2370,3672,1.5,0,0,5,1650,720,1916,0,Seattle,WA 98115,2014,6,471500.0,761116.39714286
4.0,2.75,3090,5859,2.0,0,0,3,3090,0,2010,0,Sammamish,WA 98074,2014,7,760005.0,710282.27999998
4.0,2.25,2110,12653,2.0,0,0,4,2110,0,1972,0,Mercer Island,WA 98040,2014,7,672500.0,785316.0
2.0,2.25,1490,6770,1.5,0,0,3,1490,0,1926,2003,Seattle,WA 98108,2014,6,0.0,471454.93346154003
4.0,2.75,2600,4674,1.0,0,0,3,1560,1040,1976,0,Seattle,WA 98115,2014,5,750000.0,660075.37142856
4.0,3.5,4440,10660,2.0,0,0,3,4440,0,2003,0,Newcastle,WA 98059,2014,7,1037000.0,922496.25
3.0,1.75,1660,10150,1.5,0,0,3,1660,0,1957,2000,Shoreline,WA 98133,2014,6,350000.0,346175.0
5.0,2.5,3090,23265,1.0,0,0,3,2990,100,1957,2000,Bothell,WA 98011,2014,5,458000.0,568747.77033333
4.0,2.5,2790,7956,2.0,0,0,3,2790,0,2005,0,Des Moines,WA 98198,2014,5,375000.0,558177.19305556
4.0,2.25,1770,33132,1.0,0,0,4,1190,580,1965,0,Renton,WA 98058,2014,5,390000.0,318780.375
3.0,2.25,1970,3716,2.0,0,0,3,1970,0,1997,0,Renton,WA 98056,2014,5,340000.0,326811.975
2.0,1.0,1320,4520,1.0,0,1,3,1320,0,1912,1971,Seattle,WA 98116,2014,5,451555.0,479997.3
2.0,1.0,1160,6000,1.0,0,0,4,860,300,1942,1982,Seattle,WA 98115,2014,5,468000.0,426724.66964286
3.0,2.5,2380,6832,2.0,0,0,3,2380,0,2002,0,Snoqualmie,WA 98065,2014,6,574000.0,498161.0
5.0,1.0,1460,6032,2.0,0,0,4,1460,0,1941,1998,Tukwila,WA 98168,2014,5,239950.0,229389.6
2.0,1.0,1140,5100,1.0,0,0,3,1140,0,1942,1999,Seattle,WA 98136,2014,6,400000.0,398831.50321429
3.0,2.5,1920,7229,2.0,0,0,3,1920,0,1993,0,Federal Way,WA 98003,2014,5,295000.0,295121.32142855006
3.0,3.75,3890,7140,1.0,0,2,3,2390,1500,1943,2007,Seattle,WA 98178,2014,5,430000.0,789062.44
2.0,2.5,1050,1029,2.0,0,0,3,950,100,2007,0,Seattle,WA 98122,2014,7,332888.0,414503.51
2.0,2.0,2370,217800,1.5,0,0,3,1600,770,1992,0,Issaquah,WA 98027,2014,5,543000.0,555939.3
2.0,1.5,1490,4080,1.0,0,0,3,930,560,1956,2001,Seattle,WA 98126,2014,6,389250.0,417176.12571429
3.0,2.0,2460,6600,1.0,0,2,4,1370,1090,1952,0,Seattle,WA 98136,2014,6,678500.0,691560.57999997
3.0,1.75,1140,9628,1.0,0,0,4,1140,0,1969,0,Federal Way,WA 98023,2014,5,120750.0,237517.39875
4.0,2.5,2300,19250,1.0,0,0,4,2300,0,1955,2009,North Bend,WA 98045,2014,6,450000.0,490460.365
4.0,1.5,1550,5053,1.0,0,0,4,1180,370,1963,0,Seattle,WA 98118,2014,7,433000.0,413496.93666667
3.0,1.0,1140,27760,1.0,0,0,4,1140,0,1981,0,Issaquah,WA 98027,2014,6,243800.0,272457.53461538
3.0,3.0,2470,36445,2.0,0,0,4,2470,0,1980,0,Issaquah,WA 98027,2014,6,525000.0,634748.88
3.0,1.75,1500,13430,1.0,0,0,3,1500,0,1977,2004,Woodinville,WA 98072,2014,6,383000.0,390166.0
4.0,2.5,2240,12032,1.0,0,0,3,2240,0,1983,2009,Sammamish,WA 98074,2014,5,592500.0,602441.0675
2.0,2.5,2510,14878,2.0,0,0,3,2510,0,1990,2009,Bothell,WA 98011,2014,7,600000.0,582056.83
3.0,1.5,1180,7000,1.0,0,0,4,1180,0,1977,0,Federal Way,WA 98023,2014,6,187500.0,217930.41666666002
3.0,1.0,1060,5200,1.0,0,0,5,1060,0,1970,0,Covington,WA 98042,2014,5,174950.0,213282.59999999002
4.0,2.75,2910,18700,1.0,0,0,3,2210,700,1957,1995,Shoreline,WA 98177,2014,7,749950.0,643200.75
5.0,3.5,2320,4960,2.0,0,0,5,1720,600,1926,0,Seattle,WA 98103,2014,6,822500.0,713271.39
4.0,2.5,2770,45514,2.0,0,0,4,2770,0,1989,0,Woodinville,WA 98077,2014,6,685000.0,618106.0
4.0,3.0,3110,7231,2.0,0,0,3,3110,0,1997,0,Auburn,WA 98092,2014,5,367500.0,521547.71
3.0,2.5,1480,1961,2.0,0,0,3,1480,0,2005,0,Issaquah,WA 98029,2014,6,450000.0,467033.7
3.0,2.25,2670,7500,1.0,0,0,4,1640,1030,1966,0,Burien,WA 98166,2014,6,465000.0,501108.07333333
4.0,1.75,1710,10440,1.0,0,0,4,1710,0,1955,2009,Bellevue,WA 98006,2014,7,525000.0,536107.1666666899
3.0,3.25,2640,4080,2.0,0,0,3,1840,800,1912,2000,Seattle,WA 98105,2014,5,930000.0,843548.0
4.0,2.5,3560,12047,2.0,0,0,3,3560,0,1988,2000,Federal Way,WA 98023,2014,7,486000.0,550800.25
3.0,2.5,1510,10384,1.0,0,0,2,1030,480,1976,0,Woodinville,WA 98077,2014,6,250000.0,332087.45208333
4.0,2.0,1780,5336,1.5,0,0,5,930,850,1918,0,Seattle,WA 98178,2014,6,315000.0,334945.86
3.0,2.5,2230,5750,2.0,0,0,3,2230,0,2003,0,Kirkland,WA 98033,2014,6,1035000.0,733274.25892858
2.0,1.5,1660,4680,1.0,0,0,5,830,830,1908,0,Seattle,WA 98146,2014,5,368000.0,540527.58
2.0,1.0,1050,60113,1.0,0,0,4,1050,0,1943,0,Auburn,WA 98001,2014,5,415000.0,183545.0
3.0,2.25,1820,7326,2.0,0,0,3,1820,0,1983,2009,Kirkland,WA 98034,2014,6,489950.0,470555.27142858
5.0,2.0,1930,6120,1.5,0,0,3,1930,0,1941,1969,Seattle,WA 98146,2014,5,230000.0,574490.29
3.0,1.0,1280,9898,1.0,0,0,3,1280,0,1968,1997,Woodinville,WA 98072,2014,5,368000.0,294440.15125
3.0,1.0,1200,9800,1.0,0,0,4,1200,0,1971,0,Woodinville,WA 98072,2014,5,374000.0,298434.35
3.0,1.75,1560,9788,1.0,0,0,3,1560,0,1964,2000,Seattle,WA 98178,2014,5,291000.0,333305.0
3.0,1.5,1460,15000,1.0,0,0,3,1460,0,1966,1963,Auburn,WA 98001,2014,7,232000.0,265619.435
3.0,2.5,1700,3575,2.0,0,0,3,1700,0,2000,0,Seattle,WA 98108,2014,6,300000.0,449936.83
2.0,2.0,1690,4500,1.0,0,0,3,1690,0,2004,2003,Redmond,WA 98053,2014,6,564000.0,499932.82857143995
3.0,1.0,1810,12375,2.0,0,0,3,1810,0,1970,2014,Woodinville,WA 98072,2014,5,326500.0,419589.79
2.0,1.0,1230,1820,2.0,0,0,4,830,400,1948,0,Seattle,WA 98107,2014,6,375000.0,454201.66428572
3.0,2.0,1910,5040,1.5,0,0,3,1910,0,1971,0,Sammamish,WA 98074,2014,6,430000.0,540684.47666666
4.0,2.0,1770,6000,2.0,0,0,5,1770,0,1911,1981,Seattle,WA 98199,2014,5,630000.0,680500.5
4.0,2.75,1970,7213,1.0,0,0,3,1170,800,1977,2004,Renton,WA 98058,2014,5,323000.0,330396.52857142
3.0,1.0,2110,10005,1.0,0,0,5,1110,1000,1924,1956,Kirkland,WA 98033,2014,5,475300.0,672202.51
4.0,2.75,2250,5700,1.0,0,0,3,1200,1050,1951,1994,Seattle,WA 98109,2014,5,648475.0,625914.45428571
3.0,1.75,1940,7313,1.0,0,1,4,1440,500,1960,2001,Seattle,WA 98136,2014,5,685000.0,650256.16666667
3.0,1.0,1670,4005,1.5,0,0,4,1170,500,1939,1989,Seattle,WA 98117,2014,5,460000.0,514878.29846154
3.0,1.5,2600,5085,1.0,0,0,4,1400,1200,1940,2001,Seattle,WA 98126,2014,5,540000.0,678806.11714284
5.0,1.75,1880,10000,1.0,0,0,3,960,920,1963,2008,Kirkland,WA 98034,2014,5,405000.0,405726.7807692501
4.0,2.75,2800,19168,2.0,0,0,3,2800,0,1992,0,Sammamish,WA 98075,2014,6,999000.0,681124.2490909399
3.0,2.5,1990,3984,2.0,0,0,3,1990,0,2004,2003,Sammamish,WA 98075,2014,6,560200.0,546581.44428571
3.0,2.0,1680,8424,1.0,0,0,3,1680,0,1993,0,Enumclaw,WA 98022,2014,6,289000.0,248679.97619047
3.0,2.5,3280,10302,1.0,0,0,3,1680,1600,1970,2014,Seattle,WA 98115,2014,7,1075000.0,840248.0
3.0,2.75,3400,7200,2.0,0,2,3,2470,930,2009,0,Renton,WA 98056,2014,6,530000.0,585975.9411538601
4.0,1.75,1890,6000,1.0,0,0,4,1110,780,1947,1988,Seattle,WA 98125,2014,6,430000.0,480456.08333334
3.0,1.75,1280,7524,1.5,0,0,4,1280,0,1988,0,Kent,WA 98031,2014,6,242000.0,242144.88999997
2.0,2.0,1150,6634,1.0,0,0,3,860,290,1940,1996,Seattle,WA 98115,2014,5,445000.0,443733.88888889
4.0,2.0,1660,4800,1.5,0,0,3,1660,0,1922,2008,Seattle,WA 98103,2014,7,550607.142857,687660.1
3.0,2.5,2510,5503,2.0,0,2,3,2510,0,1995,0,Seattle,WA 98136,2014,5,820000.0,764973.26
5.0,4.0,7320,217800,2.0,0,0,3,7320,0,1992,0,Renton,WA 98058,2014,7,1135250.0,798942.34
4.0,2.25,2870,5453,2.0,0,1,4,2220,650,1926,1993,Seattle,WA 98146,2014,6,665900.0,830084.0
2.0,1.5,1260,1575,2.0,0,0,3,1260,0,2001,0,Seattle,WA 98144,2014,7,374000.0,376519.22222222
3.0,3.25,2770,6278,2.0,0,0,3,1980,790,2006,0,Renton,WA 98056,2014,6,461000.0,527763.34166667
3.0,2.0,1470,8089,1.0,0,0,3,1470,0,1987,2000,Des Moines,WA 98198,2014,6,280000.0,258211.46
2.0,1.0,1430,3000,1.5,0,0,3,1300,130,1929,0,Seattle,WA 98112,2014,6,620000.0,578392.5
2.0,1.0,1000,31505,1.0,0,0,3,1000,0,1960,2012,Duvall,WA 98019,2014,6,265000.0,181867.22666664998
3.0,2.5,2120,7201,2.0,0,0,3,2120,0,2003,0,Seattle,WA 98133,2014,6,507000.0,507432.78
3.0,2.75,2300,4637,2.0,0,0,3,2300,0,2008,0,Snoqualmie,WA 98065,2014,6,479500.0,486699.75333334
3.0,2.0,1270,1323,3.0,0,0,3,1270,0,2006,0,Seattle,WA 98103,2014,5,360000.0,409782.83333333
3.0,2.25,1584,2800,2.0,0,0,3,1584,0,2012,1912,Auburn,WA 98002,2014,6,267000.0,282315.0
3.0,1.75,2140,9484,1.0,0,0,3,1290,850,1953,0,Bellevue,WA 98004,2014,6,650000.0,832694.5
3.0,1.5,1650,9957,1.0,0,0,4,1100,550,1961,2001,Seattle,WA 98125,2014,6,369500.0,425778.29
3.0,2.5,2340,5957,2.0,0,0,3,2340,0,1995,0,Kenmore,WA 98028,2014,6,426090.0,479996.72
3.0,2.5,1400,1312,3.5,0,0,3,1400,0,2007,0,Seattle,WA 98103,2014,6,563500.0,423456.72222222
3.0,1.75,1660,9600,1.0,0,0,3,1380,280,1981,2013,Bothell,WA 98011,2014,6,420000.0,382978.0
2.0,1.0,720,8040,1.0,0,0,3,720,0,1943,2002,Burien,WA 98166,2014,6,210000.0,171719.345
5.0,2.25,2440,20828,1.5,0,0,4,2440,0,1975,0,Kent,WA 98042,2014,5,489990.0,384809.0
5.0,3.5,2800,5120,2.5,0,0,3,2800,0,1903,2005,Seattle,WA 98122,2014,5,345600.0,721427.0
3.0,2.5,2540,7680,2.0,0,1,4,2540,0,1940,2001,Seattle,WA 98177,2014,5,675000.0,812367.0
2.0,1.0,870,5400,1.0,0,0,3,870,0,1950,2007,Seattle,WA 98126,2014,6,310000.0,291347.11369648
4.0,3.25,3060,3898,2.0,0,0,3,2300,760,2014,0,Issaquah,WA 98027,2014,6,782900.0,749319.73
2.0,1.0,1060,7700,1.0,0,0,3,820,240,1981,2013,Renton,WA 98055,2014,7,170500.0,245244.90333333
3.0,1.75,1550,9720,1.0,0,0,3,1050,500,1976,0,Black Diamond,WA 98010,2014,7,255000.0,269321.46319444
4.0,3.5,3150,6202,2.0,0,0,3,3150,0,2005,0,Kent,WA 98042,2014,5,330000.0,469408.23571427003
2.0,1.0,860,6600,1.0,0,0,5,860,0,1949,0,Burien,WA 98168,2014,6,200000.0,185957.83333333
1.0,1.0,730,3000,1.0,0,0,3,730,0,1911,1979,Seattle,WA 98107,2014,6,395000.0,329708.2
4.0,1.0,1200,7200,1.5,0,0,3,1200,0,1944,0,Seattle,WA 98178,2014,6,135333.333333,298740.16071429
3.0,2.0,1200,5029,1.0,0,0,3,880,320,1937,1999,Seattle,WA 98115,2014,6,420000.0,448284.7
3.0,2.5,3240,33151,2.0,0,2,3,3240,0,1995,0,Federal Way,WA 98023,2014,5,604000.0,532963.45543767
3.0,1.0,1540,3399,1.5,0,0,3,1200,340,1926,2003,Seattle,WA 98117,2014,6,530100.0,513767.73538461997
3.0,1.75,1310,9645,1.0,0,0,3,1310,0,1979,2014,SeaTac,WA 98198,2014,5,242000.0,278625.59607143
3.0,1.0,1590,13000,1.5,0,0,3,1590,0,1944,0,Burien,WA 98166,2014,6,235000.0,284326.73214286
4.0,2.75,2520,14021,2.0,0,0,3,2520,0,1999,0,Duvall,WA 98019,2014,6,234975.0,465447.25
5.0,2.5,2500,7200,1.0,0,0,4,1490,1010,1977,0,Redmond,WA 98052,2014,6,661500.0,667957.7956521701
3.0,2.25,1790,10209,1.0,0,0,3,1290,500,1967,2011,Woodinville,WA 98072,2014,6,425000.0,390214.5
4.0,2.5,2150,12028,2.0,0,0,4,2150,0,1982,2011,Redmond,WA 98052,2014,5,639000.0,589181.5397515399
2.0,1.0,720,11400,1.0,0,0,5,720,0,1951,0,Shoreline,WA 98133,2014,6,275500.0,275642.705
4.0,2.75,2820,13193,1.0,0,0,3,1860,960,1965,1993,Bellevue,WA 98006,2014,5,615000.0,727948.0375
4.0,2.75,3510,9400,2.0,0,0,3,3510,0,2014,0,Renton,WA 98059,2014,7,659950.0,652296.7361538501
4.0,2.5,2150,7303,2.0,0,0,3,2150,0,2005,0,Renton,WA 98056,2014,6,392500.0,367202.61607143
3.0,2.75,2520,5401,1.0,0,0,4,1360,1160,1946,1989,Seattle,WA 98119,2014,5,750000.0,689997.50285713
4.0,2.25,2160,9593,1.0,0,0,3,2160,0,1969,2010,Bellevue,WA 98008,2014,6,580000.0,564550.5
2.0,1.5,1310,12196,1.5,0,0,3,1310,0,1970,2014,Redmond,WA 98052,2014,6,455000.0,474849.0
3.0,2.0,1400,7293,1.0,0,0,4,1400,0,1963,0,Bellevue,WA 98008,2014,5,511555.0,435628.83333333
4.0,2.5,2000,5390,2.0,0,0,3,2000,0,2003,0,Kent,WA 98042,2014,5,284000.0,284957.53767858
2.0,1.75,1910,3376,2.0,0,0,3,1910,0,1980,0,Maple Valley,WA 98038,2014,6,230000.0,269164.1225
3.0,1.75,1980,6250,1.0,0,1,5,1090,890,1910,0,Seattle,WA 98136,2014,6,440825.0,506442.95666667
2.0,1.75,1350,4614,1.0,0,0,3,1350,0,2008,0,Redmond,WA 98053,2014,7,498800.0,405153.33333333
4.0,1.75,1830,29110,2.0,0,0,3,1230,600,1990,2009,Mercer Island,WA 98040,2014,6,610000.0,711487.0966666699
3.0,1.5,1650,9380,1.0,0,0,5,1130,520,1978,0,Renton,WA 98058,2014,6,320000.0,325373.05555556
4.0,3.0,1930,3031,1.0,0,0,3,1200,730,2006,0,Duvall,WA 98019,2014,6,330675.0,314562.32708333334
2.0,1.5,940,1768,2.0,0,0,3,940,0,2009,0,Seattle,WA 98144,2014,6,362500.0,352961.12
2.0,1.0,1890,5202,1.5,0,0,4,1890,0,1909,1989,Seattle,WA 98117,2014,5,645500.0,703943.68
3.0,2.5,1560,9361,1.5,0,0,4,1360,200,1936,0,Seattle,WA 98108,2014,6,545500.0,528654.57512821
5.0,2.75,3500,5040,2.0,0,2,3,2950,550,1927,2007,Seattle,WA 98126,2014,7,970000.0,818675.46
5.0,1.0,1170,6757,1.0,0,0,4,800,370,1944,0,Seattle,WA 98125,2014,6,397000.0,367965.15714286
2.0,1.0,1090,5000,1.0,0,0,4,730,360,1942,1982,Seattle,WA 98126,2014,5,287919.782609,327591.11062114
4.0,2.5,2660,12672,1.0,0,0,4,1740,920,1960,2001,Federal Way,WA 98003,2014,6,310000.0,359827.3
3.0,1.75,1440,12888,1.0,0,2,3,1090,350,1958,2004,Tukwila,WA 98168,2014,6,260000.0,300995.5
3.0,2.25,1970,35100,2.0,0,0,4,1970,0,1977,0,Issaquah,WA 98027,2014,5,437500.0,519918.95
3.0,3.25,1380,1120,3.0,0,0,3,1380,0,2008,0,Seattle,WA 98103,2014,6,482000.0,422313.36
4.0,1.75,1290,3060,2.0,0,0,4,1290,0,1906,1990,Seattle,WA 98103,2014,6,549000.0,456358.79
1.0,1.0,590,833,1.0,0,0,4,590,0,1926,1993,Seattle,WA 98122,2014,7,202000.0,274714.50925926
3.0,2.5,2260,4165,2.0,0,0,3,2260,0,2005,0,Sammamish,WA 98075,2014,6,550000.0,587208.21333333
3.0,1.0,1210,7440,1.0,0,0,3,1210,0,1949,1998,Shoreline,WA 98155,2014,6,324950.0,303295.32444445
3.0,2.5,2820,8159,2.0,0,0,3,2820,0,2004,2003,Issaquah,WA 98029,2014,7,735000.0,692734.8645
3.0,2.0,1670,4572,1.5,0,0,3,1670,0,1931,0,Seattle,WA 98117,2014,5,585000.0,626719.0
4.0,2.75,2700,35362,2.0,0,0,5,2700,0,1976,0,Woodinville,WA 98077,2014,6,669000.0,577441.53
3.0,2.5,3240,108366,2.0,0,0,4,3240,0,1991,0,Kent,WA 98042,2014,5,651000.0,504098.43428571
3.0,2.5,2130,3500,1.0,0,0,4,1210,920,1994,0,Woodinville,WA 98072,2014,5,534640.0,510384.0
4.0,2.0,2360,6000,1.0,0,0,5,1260,1100,1939,0,Seattle,WA 98199,2014,6,730000.0,639157.2628570701
3.0,1.75,1890,3825,1.0,0,0,3,1290,600,1974,0,Seattle,WA 98117,2014,5,524950.0,494135.65
4.0,2.5,2560,36601,2.0,0,0,4,2560,0,1987,0,Sammamish,WA 98075,2014,5,675000.0,623288.9018181899
3.0,2.5,1460,3044,2.0,0,0,3,1460,0,2000,0,Seattle,WA 98108,2014,7,299880.0,379729.65111111
3.0,3.25,1370,913,2.0,0,0,3,1100,270,2006,0,Seattle,WA 98116,2014,6,390000.0,478156.93111111
3.0,2.25,1450,4706,2.0,0,0,3,1450,0,2009,0,Kenmore,WA 98028,2014,6,400000.0,333857.49999981024
4.0,2.25,2250,41688,2.0,0,0,3,2250,0,1980,0,Redmond,WA 98053,2014,5,569000.0,564175.1397515401
3.0,1.5,1470,14821,1.0,0,0,4,1470,0,1958,1972,Kent,WA 98042,2014,5,264000.0,268044.0
3.0,1.75,2310,11200,1.0,0,0,4,1630,680,1978,2000,Kent,WA 98030,2014,6,385000.0,344323.37571428
4.0,3.25,2420,4000,1.5,0,0,5,1870,550,1911,1984,Seattle,WA 98105,2014,6,790000.0,826377.04
2.0,1.0,700,4800,1.0,0,0,3,700,0,1922,2008,Seattle,WA 98122,2014,6,260000.0,318970.49857551995
4.0,2.5,2430,5000,2.0,0,0,3,2430,0,2009,0,Snoqualmie,WA 98065,2014,5,480000.0,455553.64
3.0,1.75,1940,7500,1.5,0,0,4,1940,0,1918,1985,Enumclaw,WA 98022,2014,7,295000.0,282479.54178571
3.0,2.5,2220,6049,2.0,0,0,4,2220,0,1990,0,Kent,WA 98031,2014,5,325000.0,350393.05571428
3.0,1.0,1530,389126,1.5,0,0,4,1530,0,1919,1985,Enumclaw,WA 98022,2014,6,230000.0,273876.0
6.0,1.75,1840,2774,1.0,0,0,3,1060,780,1900,2005,Seattle,WA 98122,2014,6,660000.0,514327.88
5.0,1.0,1590,6700,1.5,0,0,3,1090,500,1942,1999,Seattle,WA 98146,2014,7,185000.0,443009.32222224
4.0,1.5,1770,5750,2.0,0,0,3,1770,0,1947,2012,Seattle,WA 98116,2014,6,440000.0,654124.13
2.0,1.5,1920,3408,1.0,0,0,4,960,960,1912,1989,Seattle,WA 98122,2014,7,517000.0,546819.08333333
5.0,3.0,3640,6930,2.0,0,0,3,3640,0,2004,2003,Maple Valley,WA 98038,2014,6,555000.0,649360.587
4.0,2.75,2540,7210,1.0,0,0,4,1600,940,1979,0,Renton,WA 98058,2014,6,335000.0,378759.59722223994
4.0,2.5,2370,6500,2.0,0,0,3,2370,0,1998,2006,Auburn,WA 98092,2014,5,328000.0,335644.19923076
4.0,2.5,1660,8063,1.0,0,0,4,1660,0,1978,2000,Des Moines,WA 98198,2014,7,270000.0,248537.90619047
3.0,1.75,1650,5100,1.0,0,0,5,1040,610,1908,0,Seattle,WA 98115,2014,5,600000.0,551961.05
4.0,2.5,2150,6807,2.0,0,0,4,2150,0,1991,0,Kent,WA 98031,2014,5,316500.0,324122.53107143
4.0,2.5,3160,8281,2.0,0,0,4,3160,0,1995,0,Kirkland,WA 98033,2014,7,1127000.0,812036.94
4.0,3.25,3430,9870,2.0,0,0,3,3430,0,2014,0,Bothell,WA 98011,2014,6,749995.0,779406.45
4.0,2.0,1210,11100,1.0,0,0,4,1210,0,1955,2009,Bellevue,WA 98006,2014,6,483300.0,450340.0
4.0,2.75,1680,11180,1.0,0,0,4,1680,0,1966,0,Redmond,WA 98052,2014,5,625000.0,549148.67142858
2.0,1.0,700,10540,1.0,0,0,3,700,0,1953,0,Normandy Park,WA 98166,2014,5,192000.0,269253.74
3.0,1.75,1230,9600,1.0,0,0,4,1230,0,1984,0,Covington,WA 98042,2014,6,239950.0,257163.63666665004
3.0,2.5,2280,2289,2.0,0,0,3,1880,400,2006,0,Issaquah,WA 98027,2014,5,500324.0,559843.15
4.0,2.25,2600,6390,1.0,0,0,3,1390,1210,1978,0,Federal Way,WA 98023,2014,7,245000.0,344500.55
3.0,1.0,1280,2580,1.5,0,0,3,1280,0,1910,2014,Seattle,WA 98115,2014,5,478000.0,444843.075
6.0,2.75,2300,24773,1.5,0,0,4,2300,0,1950,1985,Mercer Island,WA 98040,2014,5,900000.0,596653.0
3.0,2.5,2620,8950,2.0,0,0,3,2620,0,1992,0,Bellevue,WA 98006,2014,5,746000.0,768591.3125
3.0,2.0,1400,45738,2.0,0,0,4,1400,0,1981,0,Vashon,WA 98070,2014,6,410000.0,341971.33333333
4.0,3.5,2970,14486,2.0,0,0,3,2340,630,1997,0,Mercer Island,WA 98040,2014,6,905000.0,734208.02333333
5.0,2.5,2300,23345,1.0,0,0,5,1170,1130,1967,0,Renton,WA 98059,2014,6,453500.0,441509.91666662006
3.0,1.0,950,9400,1.0,0,0,4,950,0,1954,1979,Bellevue,WA 98006,2014,7,248000.0,495085.1
3.0,2.0,1570,5706,1.0,0,0,3,1570,0,1998,2006,Auburn,WA 98092,2014,5,265000.0,258042.30285714
3.0,1.5,980,7790,1.0,0,0,5,980,0,1969,0,Kirkland,WA 98034,2014,5,350000.0,326791.18571429
2.0,2.25,1730,31491,2.0,1,2,4,1730,0,1947,1988,Vashon,WA 98070,2014,5,800000.0,409419.61333333
4.0,3.5,3500,8547,2.0,0,0,3,2500,1000,1994,0,Bellevue,WA 98006,2014,6,799000.0,890565.18
3.0,2.25,2610,9002,2.0,0,0,3,2610,0,1988,2000,Redmond,WA 98052,2014,6,675000.0,706855.2956521701
3.0,1.75,1500,11968,1.0,0,0,3,1500,0,2014,0,Black Diamond,WA 98010,2014,6,224000.0,313324.00874999666
2.0,1.75,1590,11276,1.0,0,0,4,1590,0,1972,0,Auburn,WA 98002,2014,6,225500.0,247958.04777776002
2.0,1.75,1440,5680,1.0,0,0,4,1440,0,1978,2000,Des Moines,WA 98198,2014,6,210000.0,236080.58
4.0,3.0,3240,5562,2.0,0,0,3,3240,0,2013,1923,Sammamish,WA 98075,2014,6,895000.0,759205.93
3.0,1.0,1010,7034,1.0,0,0,3,1010,0,1954,2005,Renton,WA 98057,2014,5,175000.0,213750.58
3.0,1.5,1260,3135,1.5,0,0,3,1260,0,1931,0,Seattle,WA 98116,2014,5,523000.0,491523.32571428997
3.0,2.0,1270,1320,3.0,0,0,3,1270,0,2006,0,Seattle,WA 98103,2014,5,369950.0,409782.83333333
4.0,3.5,3910,59863,2.0,0,0,4,2490,1420,1987,0,Issaquah,WA 98027,2014,6,780000.0,763143.2
4.0,1.0,1290,5000,1.5,0,0,3,1290,0,1957,2000,Seattle,WA 98146,2014,5,173666.666667,406104.78785716
3.0,2.0,1310,6738,1.0,0,0,4,1310,0,1990,0,Covington,WA 98042,2014,6,249900.0,218932.33333333
3.0,2.0,2020,8555,1.0,0,0,4,1220,800,1957,2001,Seattle,WA 98125,2014,6,300000.0,440176.6
4.0,2.5,2920,9904,2.0,0,0,4,2920,0,1990,0,Issaquah,WA 98029,2014,5,690000.0,674002.21
3.0,1.75,1690,8190,1.0,0,0,4,1690,0,1958,1972,Bellevue,WA 98005,2014,5,530000.0,577998.16666666
4.0,1.75,1670,9886,1.0,0,0,5,1670,0,1947,0,Seattle,WA 98125,2014,6,456000.0,478466.15
4.0,2.5,3470,32109,2.0,0,0,3,3470,0,1995,0,Woodinville,WA 98077,2014,6,875000.0,810038.875
4.0,3.5,2370,3692,2.5,0,0,3,2370,0,2013,1923,Renton,WA 98056,2014,6,400000.0,444191.45000002993
3.0,2.0,1700,4250,1.0,0,0,3,890,810,1944,0,Seattle,WA 98199,2014,5,410000.0,531512.46666667
3.0,2.5,1680,2096,2.0,0,0,3,1380,300,2008,0,Seattle,WA 98117,2014,5,518000.0,513274.125
3.0,1.0,1140,8800,1.0,0,0,3,1140,0,1972,2002,Auburn,WA 98001,2014,5,172500.0,186255.31999999002
3.0,1.5,1010,9600,1.0,0,0,4,1010,0,1962,0,Des Moines,WA 98198,2014,6,160000.0,201312.4
5.0,1.75,2330,14322,1.0,0,0,4,1180,1150,1968,0,Renton,WA 98059,2014,6,350000.0,411784.03333332
4.0,1.75,1880,3720,1.5,0,0,4,1880,0,1924,0,Seattle,WA 98109,2014,7,860000.0,665761.5
4.0,2.5,2680,5539,2.0,0,0,3,2680,0,2013,1923,North Bend,WA 98045,2014,7,449990.0,488575.59666667
4.0,1.5,1390,7200,1.0,0,0,3,1140,250,1965,1993,Seattle,WA 98133,2014,5,400000.0,356476.77666667
3.0,2.5,3030,30007,1.5,0,0,4,3030,0,1992,0,Woodinville,WA 98077,2014,5,766950.0,674259.937
3.0,1.0,1660,7210,1.0,0,0,3,1100,560,1963,2008,Auburn,WA 98001,2014,5,225000.0,227228.63555556
3.0,3.5,3250,6000,2.0,0,0,3,2500,750,2001,0,Seattle,WA 98136,2014,6,875000.0,862327.8
5.0,1.75,2220,6000,1.5,0,0,3,1420,800,1923,1998,Seattle,WA 98199,2014,5,607500.0,634200.72
5.0,2.0,2190,9072,1.0,0,0,5,1110,1080,1965,0,Redmond,WA 98052,2014,7,600000.0,541260.5
4.0,2.0,1300,7054,1.0,0,0,3,1300,0,1950,2013,Seattle,WA 98146,2014,5,312000.0,395036.35666667
3.0,1.75,1580,7416,1.0,0,0,3,1150,430,1967,2011,Bellevue,WA 98005,2014,5,600000.0,512828.3333333001
3.0,2.5,1950,6871,2.0,0,0,3,1950,0,1997,0,Shoreline,WA 98155,2014,6,375000.0,391752.0
4.0,2.5,1930,8660,1.0,0,0,3,1120,810,1981,2013,Auburn,WA 98001,2014,6,250600.0,264454.00000001
2.0,1.75,1890,9466,2.0,0,0,3,1890,0,1987,2000,Bellevue,WA 98004,2014,5,1065000.0,694794.4
3.0,2.5,2370,11172,2.0,0,0,3,2370,0,1993,0,Newcastle,WA 98056,2014,6,640000.0,524814.6
4.0,2.0,2210,8556,1.0,0,1,4,1210,1000,1954,1979,Seattle,WA 98199,2014,5,794154.0,601941.00000001
3.0,1.0,1480,7284,1.0,0,0,3,970,510,1963,2008,Shoreline,WA 98133,2014,6,336500.0,332856.48333334
3.0,2.25,1410,1332,3.0,0,0,3,1410,0,2005,0,Seattle,WA 98103,2014,5,406100.0,434883.08222222
3.0,2.5,1780,6771,1.0,0,0,3,1230,550,1990,2009,Seattle,WA 98106,2014,6,310000.0,347075.66666667996
3.0,1.0,1400,7410,1.0,0,0,3,1400,0,1944,0,Burien,WA 98166,2014,5,246000.0,216116.13555556
2.0,2.5,1520,1588,2.0,0,0,3,1240,280,2007,0,Seattle,WA 98144,2014,5,430000.0,463404.8
3.0,1.5,1430,7347,1.0,0,0,3,820,610,1980,0,Federal Way,WA 98023,2014,6,198000.0,195914.44444445
4.0,2.5,2360,4367,2.0,0,0,3,2360,0,2003,0,Woodinville,WA 98072,2014,5,490000.0,485255.37666666997
3.0,1.0,1120,2300,1.0,0,0,4,820,300,1912,1989,Seattle,WA 98117,2014,6,552000.0,427286.0
2.0,1.0,1200,4000,1.0,0,0,3,1070,130,1940,1996,Seattle,WA 98126,2014,5,450000.0,344952.27993794
4.0,1.75,2740,8520,1.0,0,2,3,1370,1370,1954,2005,Seattle,WA 98118,2014,5,657000.0,679743.18333333
3.0,1.75,2000,9416,1.0,0,0,4,2000,0,1961,2001,Kirkland,WA 98033,2014,5,374000.0,613679.17142858
3.0,2.25,1440,7673,1.0,0,0,3,940,500,1982,0,Kent,WA 98031,2014,5,249000.0,253203.61333333
2.0,1.5,1630,3780,1.0,0,0,4,890,740,1940,2001,Seattle,WA 98107,2014,6,448000.0,488825.54846153996
1.0,0.75,930,29258,1.0,0,0,3,930,0,1941,1994,Seattle,WA 98178,2014,6,190000.0,216408.915
3.0,2.5,2920,34527,1.0,0,4,4,1800,1120,1954,1983,Seattle,WA 98116,2014,5,1015000.0,782604.5
4.0,3.0,3520,4895,1.0,0,0,3,1980,1540,1954,2005,Seattle,WA 98107,2014,6,800000.0,824176.13142857
4.0,2.75,3270,12880,2.0,0,0,3,3270,0,2014,0,Kirkland,WA 98033,2014,6,723243.75,969331.7225
2.0,1.0,1110,26051,1.0,0,0,3,1110,0,1951,1994,SeaTac,WA 98168,2014,5,250000.0,171103.94794868998
3.0,1.75,1200,24805,1.0,0,0,3,1200,0,1984,0,Kent,WA 98031,2014,7,250000.0,299936.21666666004
3.0,1.0,910,7700,1.0,0,0,4,910,0,1971,0,Kirkland,WA 98034,2014,6,300000.0,316069.9
4.0,2.0,1820,5000,1.5,0,1,3,1640,180,1945,2010,Seattle,WA 98115,2014,5,650000.0,683261.44
3.0,1.5,1530,23660,1.0,0,0,3,1530,0,1952,2008,Lake Forest Park,WA 98155,2014,6,450000.0,351589.55
4.0,2.25,2400,5350,1.5,0,0,4,1460,940,1929,0,Seattle,WA 98117,2014,6,620000.0,621202.0
3.0,2.25,1900,46609,1.5,0,0,4,1440,460,1969,0,Woodinville,WA 98072,2014,7,600000.0,445489.20833333
3.0,2.0,1110,10500,1.0,0,0,5,1110,0,1978,0,North Bend,WA 98045,2014,5,320000.0,284771.46
5.0,2.5,2240,7770,1.0,0,0,3,1340,900,1978,0,Kirkland,WA 98034,2014,5,455000.0,521145.64285715995
3.0,2.25,1920,4833,1.0,0,0,4,1060,860,1921,0,Seattle,WA 98133,2014,6,385000.0,576529.83333333
3.0,1.5,1200,6240,1.0,0,0,3,1030,170,1952,2008,Seattle,WA 98112,2014,6,718500.0,408276.2
3.0,1.0,1320,5000,1.5,0,0,3,1320,0,1912,1994,Seattle,WA 98116,2014,7,201500.0,484720.0
3.0,1.0,1140,8366,1.0,0,0,5,1140,0,1943,0,Renton,WA 98058,2014,6,171224.8,197699.25786325
4.0,2.75,2600,5390,1.0,0,0,4,1300,1300,1960,2001,Seattle,WA 98199,2014,5,0.0,597912.1971428001
3.0,2.5,1700,3150,2.0,0,0,3,1700,0,2005,0,Issaquah,WA 98029,2014,6,534500.0,509017.52
3.0,1.75,1180,4080,1.0,0,0,4,760,420,1928,0,Seattle,WA 98117,2014,6,450000.0,425953.0
3.0,2.5,1420,2581,3.0,0,0,3,1420,0,2004,2003,Seattle,WA 98133,2014,6,435000.0,418298.24444445997
4.0,3.0,2170,4000,2.0,0,0,4,1610,560,1982,2011,Seattle,WA 98112,2014,5,831000.0,659519.435
3.0,2.5,1350,1250,3.0,0,0,3,1270,80,2006,0,Seattle,WA 98136,2014,5,394950.0,441097.18825397
5.0,2.25,2520,49222,2.0,0,0,4,2520,0,1978,2000,Issaquah,WA 98027,2014,6,535000.0,599740.04
3.0,2.0,2520,5400,1.5,0,0,4,1410,1110,1906,1990,Seattle,WA 98119,2014,5,840500.0,702116.15428571
3.0,1.0,1430,10005,1.5,0,0,4,1430,0,1950,1983,Seattle,WA 98133,2014,6,400000.0,351801.12583334
4.0,2.5,3500,7048,2.0,0,0,3,3500,0,2005,0,Redmond,WA 98053,2014,6,780000.0,802750.2
4.0,2.5,2820,8408,2.0,0,0,3,2820,0,2014,0,Shoreline,WA 98155,2014,5,625000.0,541568.2175
4.0,2.5,2460,4200,2.0,0,0,3,2460,0,1998,2006,Redmond,WA 98074,2014,5,611000.0,673277.2571428401
3.0,1.5,1520,7123,1.0,0,0,4,1520,0,1959,0,Renton,WA 98056,2014,7,292600.0,304663.72
3.0,2.25,1860,15559,2.0,0,0,4,1860,0,1963,0,Enumclaw,WA 98022,2014,6,380000.0,336339.58428572
4.0,1.5,1920,10000,1.0,0,0,4,1070,850,1954,1979,Bellevue,WA 98006,2014,5,430000.0,545325.33333335
2.0,1.0,1150,4400,1.0,0,0,4,1150,0,1905,0,Seattle,WA 98112,2014,5,463000.0,503534.375
4.0,2.5,2303,3680,2.0,0,0,3,2303,0,2013,1923,Auburn,WA 98001,2014,5,329995.0,324569.23743586993
4.0,2.5,2840,4500,2.0,0,0,3,2840,0,2012,1912,Kenmore,WA 98028,2014,5,557000.0,543840.40666667
4.0,2.5,3340,8930,2.0,0,2,3,3340,0,1999,0,Snoqualmie,WA 98065,2014,7,720000.0,677585.55
2.0,1.0,1210,4800,1.0,0,0,3,1060,150,1950,2005,Seattle,WA 98108,2014,6,380000.0,287149.22428573
4.0,2.5,2160,7826,1.0,0,0,4,1390,770,1976,1992,Lake Forest Park,WA 98155,2014,6,440000.0,351960.07285714
4.0,1.5,2740,4000,2.0,0,0,5,1930,810,1905,0,Seattle,WA 98109,2014,5,1105000.0,899354.0
3.0,2.5,2680,9750,1.0,0,0,4,1610,1070,1979,0,Kirkland,WA 98034,2014,6,653000.0,587589.05
3.0,1.75,2220,11646,1.0,0,0,3,1270,950,1950,2005,Kenmore,WA 98028,2014,7,320000.0,356401.0
3.0,2.0,2540,237402,1.0,0,0,3,2540,0,2007,0,Enumclaw,WA 98022,2014,6,600000.0,539947.71333333
3.0,2.5,2600,4750,1.0,0,0,4,1700,900,1951,1999,Seattle,WA 98117,2014,5,790000.0,761735.79285713
3.0,1.5,1770,17208,1.0,0,0,3,1160,610,1959,1989,Bellevue,WA 98006,2014,5,254000.0,539461.4999999601
3.0,2.25,1481,2820,2.0,0,0,3,1481,0,2012,1912,Auburn,WA 98002,2014,6,240000.0,278688.24999999
5.0,3.75,2890,5000,1.0,0,0,3,1310,1580,2006,0,Seattle,WA 98144,2014,5,390000.0,606211.15428571
4.0,2.75,3300,12090,2.0,0,0,3,3300,0,1953,0,Clyde Hill,WA 98004,2014,5,927000.0,382857.74811111
3.0,1.5,1660,15600,2.0,0,0,3,1660,0,1981,2013,Auburn,WA 98001,2014,6,220000.0,276048.84
4.0,2.5,2060,7475,1.0,0,0,3,1440,620,1985,0,Redmond,WA 98052,2014,5,575550.0,559209.0
2.0,1.0,970,4560,1.0,0,0,4,970,0,1907,0,Seattle,WA 98103,2014,6,690000.0,405772.95925926
4.0,1.75,1520,7700,1.0,0,0,4,1520,0,1967,0,Kirkland,WA 98034,2014,7,499950.0,410104.56043956993
3.0,1.5,1660,8797,1.0,0,0,4,1660,0,1956,0,Bellevue,WA 98004,2014,6,712500.0,806192.66666667
3.0,1.75,2430,14607,1.0,0,1,3,1230,1200,1949,1970,Mercer Island,WA 98040,2014,6,762400.0,665709.8
4.0,1.75,1980,10800,1.0,0,0,5,990,990,1948,1985,Mercer Island,WA 98040,2014,6,711000.0,718562.0
3.0,2.0,1490,4800,2.0,0,0,5,1490,0,1948,1985,Seattle,WA 98117,2014,7,437500.0,476591.67692309996
3.0,2.5,1940,8547,1.0,0,0,3,1460,480,1989,0,Kent,WA 98030,2014,5,266000.0,281024.21333332005
3.0,2.25,1410,14110,1.0,0,2,3,1170,240,1987,2000,Snoqualmie,WA 98065,2014,5,352500.0,328184.83333333
3.0,2.5,2840,48716,1.0,0,3,3,1870,970,1994,0,Carnation,WA 98014,2014,6,500000.0,598518.5
4.0,2.0,2290,11137,1.0,0,0,4,2290,0,1955,2009,Bellevue,WA 98004,2014,5,1058000.0,907331.3
4.0,5.0,4550,18641,1.0,1,4,3,2600,1950,2002,0,Sammamish,WA 98074,2014,6,0.0,503319.8462069
3.0,2.25,1920,8223,2.0,0,0,4,1920,0,1989,0,Bothell,WA 98011,2014,7,443000.0,419129.0
4.0,1.5,1490,7560,2.0,0,0,3,1490,0,1966,1963,Des Moines,WA 98198,2014,6,259000.0,239832.09333333
4.0,3.5,2350,13402,2.0,0,3,3,1670,680,1994,0,Kirkland,WA 98033,2014,5,655000.0,652039.85
5.0,3.75,3870,8225,2.0,0,0,3,3870,0,1998,2006,Sammamish,WA 98074,2014,6,0.0,741928.03111111
4.0,1.0,1450,6250,1.0,0,0,3,990,460,1964,2000,Seattle,WA 98146,2014,5,277000.0,387269.24849207
4.0,2.0,2250,7500,1.0,0,0,5,1200,1050,1956,0,Bellevue,WA 98005,2014,5,550000.0,640438.98
4.0,2.5,1700,7280,2.0,0,0,4,1700,0,1988,0,Kent,WA 98031,2014,5,290000.0,256777.58767855
2.0,1.0,1140,5250,1.5,0,0,4,1140,0,1949,1985,Seattle,WA 98133,2014,5,329950.0,345276.39738096
4.0,2.5,2040,22653,2.0,0,0,3,2040,0,2011,0,Seattle,WA 98168,2014,5,350000.0,375501.2466666667
4.0,3.0,3680,5854,1.0,0,3,3,2060,1620,1967,2011,Seattle,WA 98199,2014,5,980000.0,883795.62333333
3.0,2.5,1930,10460,2.0,0,0,3,1930,0,1996,0,Renton,WA 98059,2014,5,407500.0,383734.94071429
4.0,2.75,2140,13000,1.0,0,0,3,1320,820,1968,1997,Kenmore,WA 98028,2014,5,409500.0,413583.375
2.0,2.25,930,747,2.0,0,0,3,630,300,2007,0,Seattle,WA 98144,2014,6,355000.0,336084.8
2.0,1.0,1240,57000,1.0,0,0,3,1240,0,1962,2003,Sammamish,WA 98075,2014,7,505000.0,301314.67230768
2.0,1.0,830,2699,1.0,0,0,3,830,0,1996,0,Maple Valley,WA 98038,2014,5,175000.0,250901.76888887002
4.0,3.25,3340,10890,1.5,0,0,3,2240,1100,1963,2000,Redmond,WA 98052,2014,5,910000.0,735917.92111111
3.0,1.5,1260,7964,1.0,0,0,4,1260,0,1955,2009,Des Moines,WA 98148,2014,5,245000.0,221647.77875
3.0,2.5,1690,9626,2.0,0,0,3,1690,0,1984,0,Issaquah,WA 98027,2014,6,535000.0,516308.1
4.0,2.25,2430,4748,1.5,0,0,3,1630,800,1928,1954,Seattle,WA 98116,2014,7,723000.0,722927.81714286
4.0,2.5,2910,5000,2.0,0,0,3,2910,0,2002,0,Covington,WA 98042,2014,5,395000.0,404783.48
1.0,1.0,850,8050,1.0,0,0,2,850,0,1906,0,Seattle,WA 98118,2014,7,165000.0,251595.65269231
5.0,2.75,3100,10014,1.0,0,2,4,1660,1440,1973,0,Mercer Island,WA 98040,2014,6,975000.0,808972.16666666
3.0,1.0,1150,4825,1.0,0,0,4,1150,0,1957,2001,Issaquah,WA 98027,2014,6,240000.0,257442.03888889
3.0,1.0,1050,7500,1.0,0,0,3,1050,0,1900,2005,Seattle,WA 98136,2014,6,440000.0,330993.4125
3.0,2.25,1490,9600,1.0,0,0,4,1170,320,1987,0,Duvall,WA 98019,2014,5,287000.0,285964.35055555997
3.0,1.75,1750,7020,2.0,0,0,3,1750,0,1934,1978,Black Diamond,WA 98010,2014,7,510000.0,275611.275
3.0,2.5,1970,4036,2.0,0,0,4,1970,0,2003,0,Snoqualmie,WA 98065,2014,6,432000.0,402011.01
2.0,2.25,1260,1240,3.0,0,0,3,1260,0,2004,2003,Seattle,WA 98103,2014,5,485000.0,391630.67777779
3.0,2.0,2060,4040,1.0,0,0,4,1120,940,1947,1988,Seattle,WA 98103,2014,6,605000.0,580862.88333333
3.0,2.5,2500,7394,2.0,0,0,3,2500,0,1990,2009,Woodinville,WA 98072,2014,7,565000.0,518315.72307691997
3.0,2.25,1770,8165,2.0,0,0,3,1770,0,1977,2004,Kirkland,WA 98034,2014,5,420000.0,468041.84285715997
2.0,1.0,930,6380,1.0,0,0,4,930,0,1940,2001,Seattle,WA 98115,2014,7,395000.0,414012.95009259996
3.0,1.0,1250,9126,1.0,0,0,3,1250,0,1969,2010,Woodinville,WA 98077,2014,5,330000.0,289136.5
4.0,2.5,2040,5523,2.0,0,0,3,2040,0,1999,0,Burien,WA 98148,2014,7,345000.0,326079.58482143
3.0,2.5,2390,1984,2.0,0,0,3,2220,170,2008,0,Issaquah,WA 98029,2014,7,629800.0,662873.8
2.0,1.0,700,6000,1.0,0,0,4,700,0,1949,1985,Shoreline,WA 98155,2014,5,267800.0,264508.795
3.0,1.75,1400,4000,1.0,0,0,3,870,530,1951,1994,Seattle,WA 98117,2014,5,510250.0,496465.44968255
2.0,1.0,860,5040,1.0,0,0,3,860,0,1956,2001,Seattle,WA 98117,2014,7,370000.0,366834.72464388
3.0,2.0,1380,4800,1.0,0,0,3,1380,0,1948,1994,Seattle,WA 98119,2014,6,640000.0,549534.42111111
5.0,2.0,1930,9747,1.0,0,0,4,1020,910,1962,0,Kenmore,WA 98028,2014,5,400000.0,361534.0
4.0,3.25,3940,27591,2.0,0,3,3,3440,500,2000,0,Renton,WA 98059,2014,6,725000.0,708262.05
4.0,2.5,2580,6260,2.0,0,0,3,2580,0,2004,2003,Renton,WA 98056,2014,6,374000.0,509366.95
3.0,2.25,1660,8307,1.0,0,0,4,1660,0,1961,2001,Shoreline,WA 98133,2014,5,405000.0,357184.56
4.0,1.5,1600,9289,1.0,0,0,4,1600,0,1959,0,Auburn,WA 98002,2014,6,224000.0,223081.03
2.0,1.0,780,13500,1.0,0,0,4,780,0,1946,1989,Woodinville,WA 98077,2014,5,306000.0,209264.995
3.0,2.0,1200,9566,1.0,0,0,3,1200,0,1995,0,Pacific,WA 98047,2014,6,222400.0,269343.80999999004
3.0,1.75,1460,10584,1.0,0,0,3,990,470,1997,0,Seattle,WA 98168,2014,6,240500.0,322087.48666667
4.0,2.5,2840,11044,2.0,0,0,3,2840,0,2001,0,Kirkland,WA 98034,2014,6,585000.0,671811.0
2.0,1.75,1500,6800,1.0,0,0,4,910,590,1942,1982,Seattle,WA 98117,2014,6,437000.0,463845.20555556996
5.0,2.75,2870,4461,1.0,0,0,3,1650,1220,1976,0,Seattle,WA 98107,2014,6,646000.0,608676.5
4.0,2.5,1720,9600,1.0,0,0,3,1120,600,1961,2004,Auburn,WA 98092,2014,5,328211.904762,246103.10875
4.0,2.0,1650,5000,1.0,0,0,3,1650,0,1955,2005,Seattle,WA 98117,2014,5,575000.0,614568.665
4.0,2.75,3790,10669,2.0,0,0,3,3790,0,1999,0,Sammamish,WA 98075,2014,6,875000.0,860190.0
3.0,2.75,2180,7519,1.0,0,0,4,1310,870,1981,0,Redmond,WA 98052,2014,6,568500.0,549564.0
1.0,1.0,960,40946,1.0,0,0,5,960,0,1945,0,Carnation,WA 98014,2014,5,420850.0,203146.15666666
3.0,1.75,2110,11250,1.0,0,0,4,2110,0,1961,2001,Mercer Island,WA 98040,2014,6,743000.0,712229.0
4.0,2.5,2240,7200,2.0,0,0,3,2240,0,1995,0,Seattle,WA 98118,2014,5,497000.0,432220.515
2.0,2.5,1630,1368,2.0,0,0,3,1280,350,2009,0,Seattle,WA 98106,2014,5,295000.0,349504.5
3.0,2.5,1840,9900,1.0,0,0,3,1840,0,1978,0,Bellevue,WA 98007,2014,7,552000.0,576684.66666666
4.0,2.5,3420,30410,2.0,0,0,3,3420,0,1988,2000,Woodinville,WA 98077,2014,6,725000.0,781075.5
2.0,1.5,1200,1259,2.0,0,0,3,1000,200,2013,1923,Seattle,WA 98144,2014,6,455000.0,390408.56
4.0,1.0,1660,34848,1.0,0,0,1,930,730,1933,0,Redmond,WA 98052,2014,5,550000.0,462267.0
3.0,1.0,1090,8520,1.0,0,0,3,1090,0,1967,2011,Federal Way,WA 98003,2014,5,190000.0,207104.37416666
4.0,2.5,1920,8562,2.0,0,2,4,1920,0,1994,0,Enumclaw,WA 98022,2014,7,308950.0,334863.23904762
3.0,1.0,1110,6250,1.0,0,0,3,1110,0,1956,2001,Seattle,WA 98115,2014,5,345000.0,407895.05071429
4.0,2.5,2540,8400,2.0,0,0,5,2540,0,1977,0,Kent,WA 98032,2014,6,269950.0,344572.57555556
4.0,2.5,1910,7683,2.0,0,0,3,1910,0,1987,2000,Issaquah,WA 98027,2014,6,620000.0,540251.2
2.0,2.0,1140,8282,1.0,0,0,3,1140,0,1924,2009,Kirkland,WA 98033,2014,5,498000.0,454720.56857143
5.0,2.5,1970,8605,2.0,0,0,4,1970,0,1994,0,Enumclaw,WA 98022,2014,5,297000.0,288749.35428572
3.0,1.75,1500,8173,1.0,0,0,3,1500,0,1997,0,Kirkland,WA 98034,2014,6,435000.0,423159.31428572
4.0,2.0,1470,8395,1.0,0,0,4,1470,0,1965,0,Bellevue,WA 98008,2014,6,445000.0,479038.33333332004
4.0,2.0,1550,4815,1.5,0,0,3,1550,0,1909,2004,Seattle,WA 98103,2014,5,613000.0,573512.5
5.0,2.5,2490,7666,1.0,0,0,4,1490,1000,1989,0,Kent,WA 98031,2014,6,292000.0,336233.63
